player,team,position,snap_share,route_participation,target_share,air_yards_share,red_zone_touch_share,red_zone_carries,red_zone_targets,goal_line_touches,targets_pg,receptions_pg,rush_attempts_pg,carries_share,pass_attempts_pg,passing_yards_pg,rushing_yards_pg,receiving_yards_pg,fantasy_points_pg
A.Abdullah,IND,,0.0,0.0,3.17,-0.07,1.49,3.0,1.0,1.0,1.417,1.333,1.167,3.16,0.0,0.0,5.0,8.25,3.158
A.Baccellia,ARI,,0.0,0.0,0.65,0.16,0.85,0.0,2.0,0.0,2.0,1.0,0.0,0.0,0.0,0.0,0.0,4.0,1.4
A.Bachman,LV,,0.0,0.0,0.6,0.44,0.0,,,,1.0,0.667,0.0,0.0,0.0,0.0,0.0,4.0,1.067
A.Barner,SEA,,0.0,0.0,14.88,8.11,6.15,3.0,13.0,4.0,4.0,3.059,0.588,1.97,0.0,0.0,0.824,30.529,8.665
A.Beck,NYJ,,0.0,0.0,1.89,1.18,1.68,1.0,2.0,2.0,1.286,0.857,0.143,0.22,0.0,0.0,0.714,6.429,3.286
A.Brown,PHI,,0.0,0.0,25.97,33.83,6.1,0.0,13.0,2.0,8.067,5.2,0.0,0.0,0.0,0.0,0.0,66.867,14.687
A.Cappa,LV,,0.0,0.0,0.2,0.06,0.62,0.0,1.0,1.0,1.0,0.0,0.0,0.0,0.0,0.0,0.0,0.0,0.0
A.Dalton,CAR,QB,0.0,0.0,0.0,0.0,0.0,0.0,0.0,0.0,0.0,0.0,1.333,0.86,15.0,97.667,-0.333,0.0,4.873
A.Dalton,CAR,,0.0,0.0,0.0,0.0,0.0,0.0,0.0,0.0,0.0,0.0,1.0,0.22,0.0,0.0,-1.0,0.0,-0.1
A.Dillon,PHI,,0.0,0.0,0.64,0.28,1.41,2.0,1.0,0.0,0.5,0.5,2.0,2.51,0.0,0.0,10.0,3.5,1.85
A.Dulin,IND,,0.0,0.0,1.87,3.7,1.12,2.0,1.0,0.0,1.429,0.714,0.429,0.68,0.0,0.0,6.286,15.143,2.857
A.Ekeler,WAS,,0.0,0.0,1.61,0.32,0.92,2.0,0.0,0.0,3.5,2.5,7.0,2.87,0.0,0.0,21.5,19.0,6.55
A.Estime,NO,,0.0,0.0,2.3,-0.04,3.17,6.0,0.0,3.0,2.6,2.4,9.2,10.53,0.0,0.0,39.6,20.6,9.62
A.Firkser,DET,,0.0,0.0,1.82,0.95,1.08,0.0,3.0,0.0,2.0,1.6,0.0,0.0,0.0,0.0,0.0,10.6,2.66
A.Gibson,NE,,0.0,0.0,0.62,-0.13,1.53,4.0,0.0,2.0,0.6,0.4,5.0,5.04,0.0,0.0,21.2,1.2,3.84
A.Gould,IND,,0.0,0.0,0.37,-0.05,0.0,,,,1.0,1.0,0.0,0.0,0.0,0.0,0.0,3.0,1.3
A.Hooper,NE,,0.0,0.0,5.38,5.23,1.91,0.0,5.0,3.0,2.0,1.615,0.0,0.0,0.0,0.0,0.0,20.231,4.562
A.Ingold,MIA,,0.0,0.0,2.37,1.24,0.5,1.0,0.0,0.0,1.222,0.889,0.222,0.46,0.0,0.0,1.0,5.778,1.567
A.Iosivas,CIN,,0.0,0.0,9.49,13.27,3.2,0.0,7.0,3.0,3.867,2.2,0.2,0.79,0.0,0.0,0.933,29.0,5.993
A.Jeanty,LV,,0.0,0.0,14.72,-3.25,27.78,35.0,10.0,12.0,4.294,3.235,15.706,72.16,0.0,0.0,57.353,20.353,14.535
A.Johnson,LAC,,0.0,0.0,0.18,-0.05,0.0,,,,1.0,0.0,2.0,0.43,0.0,0.0,8.0,0.0,0.8
A.Jones,MIN,,0.0,0.0,8.69,-0.67,9.0,14.0,5.0,3.0,3.417,2.333,11.0,32.2,0.0,0.0,45.667,16.583,10.058
A.Kamara,NO,,0.0,0.0,6.89,0.71,10.58,15.0,5.0,2.0,3.545,3.0,11.909,29.98,0.0,0.0,42.818,16.909,9.518
A.Lazard,NYJ,,0.0,0.0,3.77,4.41,3.35,0.0,6.0,3.0,2.0,1.111,0.0,0.0,0.0,0.0,0.0,7.778,2.556
A.Martinez,SF,,0.0,0.0,0.0,0.0,0.0,,,,0.0,0.0,1.0,0.21,0.0,0.0,-1.0,0.0,-0.1
A.McNamara,NYJ,QB,0.0,0.0,0.0,0.0,0.0,,,,0.0,0.0,0.0,0.0,1.0,3.0,0.0,0.0,0.12
A.Mitchell,IND,,0.0,0.0,2.99,6.04,0.0,,,,2.0,1.125,0.0,0.0,0.0,0.0,0.0,19.0,3.025
A.Mitchell,NYJ,,0.0,0.0,12.16,26.23,4.47,0.0,8.0,0.0,7.25,3.0,0.125,0.22,0.0,0.0,-0.5,37.625,8.212
A.O'Connell,LV,QB,0.0,0.0,0.0,0.0,0.0,0.0,0.0,0.0,0.0,0.0,1.0,0.27,23.0,102.0,7.0,0.0,4.78
A.Ogletree,IND,,0.0,0.0,1.12,0.98,0.74,0.0,2.0,1.0,1.5,1.0,0.0,0.0,0.0,0.0,0.0,6.75,3.175
A.Okwuegbunam,LV,,0.0,0.0,1.21,0.56,0.62,0.0,1.0,0.0,6.0,5.0,0.0,0.0,0.0,0.0,0.0,36.0,8.6
A.Pierce,IND,,0.0,0.0,15.67,37.26,3.35,0.0,9.0,1.0,5.6,3.133,0.0,0.0,0.0,0.0,0.0,66.867,12.22
A.Prentice,DEN,,0.0,0.0,1.36,0.21,1.61,2.0,2.0,2.0,0.667,0.5,0.833,2.19,0.0,0.0,3.667,4.417,1.308
A.Richardson,IND,QB,0.0,0.0,0.19,0.05,0.0,,,,1.0,1.0,0.0,0.0,2.0,9.0,0.0,9.0,2.26
A.Richardson,IND,,0.0,0.0,0.0,0.0,0.0,,,,0.0,0.0,4.0,0.9,0.0,0.0,-1.0,0.0,-0.1
A.Rodgers,PIT,QB,0.0,0.0,0.19,-0.28,1.29,3.0,0.0,2.0,0.062,0.062,1.312,5.16,33.062,207.625,3.812,-0.562,14.63
A.Smith,NYJ,,0.0,0.0,3.35,6.71,0.0,,,,1.333,0.583,0.333,0.87,0.0,0.0,1.083,4.333,1.125
A.St. Brown,DET,,0.0,0.0,31.27,37.84,12.95,1.0,35.0,9.0,10.118,6.882,0.176,0.68,0.0,0.0,0.529,82.412,19.059
A.Thielen,MIN,,0.0,0.0,4.03,3.89,0.95,0.0,2.0,1.0,2.111,0.889,0.0,0.0,0.0,0.0,0.0,7.667,1.656
A.Thielen,PIT,,0.0,0.0,3.24,5.09,0.86,0.0,2.0,0.0,3.4,2.2,0.0,0.0,0.0,0.0,0.0,23.4,4.54
A.Trammell,JAX,,0.0,0.0,1.82,2.66,0.35,0.0,1.0,0.0,2.0,0.6,0.0,0.0,0.0,0.0,0.0,9.2,1.52
A.Trautman,DEN,,0.0,0.0,3.9,2.42,0.4,0.0,1.0,1.0,2.091,1.818,0.0,0.0,0.0,0.0,0.0,17.727,4.136
B.Allen,NYJ,,0.0,0.0,0.63,0.25,5.03,7.0,2.0,2.0,0.75,0.5,4.75,4.14,0.0,0.0,19.0,4.25,4.325
B.Allen,TEN,QB,0.0,0.0,0.0,0.0,0.0,,,,0.0,0.0,0.0,0.0,31.0,72.0,0.0,0.0,1.88
B.Aubrey,DAL,,0.0,0.0,0.0,0.0,0.0,,,,0.0,0.0,1.0,0.22,0.0,0.0,6.0,0.0,0.6
B.Bates,CLE,,0.0,0.0,0.57,0.45,0.56,0.0,1.0,1.0,1.0,0.667,0.0,0.0,0.0,0.0,0.0,8.333,1.5
B.Bates,HOU,,0.0,0.0,0.36,0.5,0.0,,,,2.0,2.0,0.0,0.0,0.0,0.0,0.0,23.0,4.3
B.Berrios,HOU,,0.0,0.0,1.44,0.52,0.82,0.0,2.0,0.0,4.0,3.0,0.0,0.0,0.0,0.0,0.0,18.5,4.85
B.Bowers,LV,,0.0,0.0,17.54,17.51,11.11,0.0,18.0,3.0,7.25,5.333,0.167,0.54,0.0,0.0,0.167,56.667,14.517
B.Brooks,HOU,,0.0,0.0,0.0,0.0,0.82,2.0,0.0,2.0,0.0,0.0,5.667,3.57,0.0,0.0,26.0,0.0,2.6
B.Brown,CHI,,0.0,0.0,0.19,0.09,0.0,,,,1.0,0.0,5.0,0.99,0.0,0.0,37.0,0.0,9.7
B.Collins,NYG,,0.0,0.0,1.19,1.69,0.38,0.0,1.0,0.0,2.0,0.667,0.0,0.0,0.0,0.0,0.0,8.333,1.5
B.Cook,NYJ,QB,0.0,0.0,0.0,0.0,0.0,0.0,0.0,0.0,0.0,0.0,2.6,2.83,34.6,147.8,9.8,0.0,7.092
B.Cooks,BUF,,0.0,0.0,2.25,8.16,0.0,,,,2.75,1.25,0.0,0.0,0.0,0.0,0.0,28.5,4.1
B.Cooks,NO,,0.0,0.0,4.42,4.94,0.53,0.0,1.0,0.0,2.778,2.111,0.0,0.0,0.0,0.0,0.0,18.333,3.944
B.Corum,LA,,0.0,0.0,2.41,0.47,9.3,27.0,1.0,13.0,0.824,0.471,8.529,31.18,0.0,0.0,43.882,2.118,7.188
B.Covey,PHI,,0.0,0.0,0.86,0.19,0.0,,,,4.0,2.0,0.0,0.0,0.0,0.0,0.0,20.0,4.0
B.Hall,NYJ,QB,0.0,0.0,0.63,-0.06,18.44,24.0,9.0,5.0,3.0,2.0,18.0,3.92,1.0,4.0,133.0,14.0,32.86
B.Hall,NYJ,,0.0,0.0,9.43,0.5,18.44,24.0,9.0,5.0,3.0,2.267,15.0,49.02,0.0,0.0,62.133,22.4,11.92
B.Irving,TB,,0.0,0.0,6.42,-1.29,10.09,18.0,4.0,0.0,3.5,3.0,17.3,36.5,0.0,0.0,58.8,27.7,14.05
B.Mann,PHI,,0.0,0.0,0.0,0.0,0.0,,,,0.0,0.0,1.0,0.21,0.0,0.0,-34.0,0.0,-3.4
B.Mayfield,TB,QB,0.0,0.0,0.0,0.0,4.13,9.0,0.0,1.0,0.0,0.0,3.235,11.6,34.412,217.235,22.471,0.0,16.76
B.Melton,GB,,0.0,0.0,2.81,5.43,0.0,,,,1.625,0.5,0.625,1.02,0.0,0.0,4.375,13.375,3.025
B.Nix,DEN,QB,0.0,0.0,0.17,0.05,7.26,17.0,1.0,1.0,0.059,0.0,4.882,18.16,37.588,231.235,20.941,0.0,18.344
B.Oliver,TEN,,0.0,0.0,0.19,0.15,0.0,,,,1.0,1.0,0.0,0.0,0.0,0.0,0.0,8.0,1.8
B.Purdy,SF,QB,0.0,0.0,0.0,0.0,2.52,7.0,0.0,2.0,0.0,0.0,3.667,6.86,33.111,240.778,16.333,0.0,21.042
B.Raimann,IND,,0.0,0.0,0.19,0.05,0.37,0.0,1.0,1.0,1.0,0.0,0.0,0.0,0.0,0.0,0.0,0.0,0.0
B.Robinson,ATL,,0.0,0.0,19.73,2.41,23.9,36.0,13.0,12.0,6.059,4.647,16.941,60.25,0.0,0.0,86.941,48.235,22.047
B.Robinson,SF,,0.0,0.0,2.17,0.0,6.12,13.0,4.0,3.0,0.75,0.5,5.75,19.13,0.0,0.0,25.0,1.562,3.906
B.Russell,SEA,,0.0,0.0,0.22,0.0,0.0,,,,1.0,0.0,0.0,0.0,0.0,0.0,0.0,0.0,0.0
B.Rypien,CIN,QB,0.0,0.0,0.0,0.0,0.0,,,,0.0,0.0,0.0,0.0,1.0,0.0,0.0,0.0,0.0
B.Sims,MIN,,0.0,0.0,1.27,1.96,0.47,0.0,1.0,0.0,2.0,1.0,0.0,0.0,0.0,0.0,0.0,10.0,2.0
B.Sinnott,WAS,,0.0,0.0,2.98,2.83,0.46,0.0,1.0,1.0,1.625,1.375,0.0,0.0,0.0,0.0,0.0,14.25,3.55
B.Skowronek,PIT,,0.0,0.0,1.15,1.93,0.43,0.0,1.0,0.0,1.0,0.667,0.0,0.0,0.0,0.0,0.0,11.5,2.817
B.Smith,KC,,0.0,0.0,6.34,-1.3,6.72,10.0,7.0,3.0,2.333,1.667,2.933,10.23,0.0,0.0,10.067,11.467,4.22
B.Spann-Ford,DAL,,0.0,0.0,2.13,2.17,0.69,0.0,2.0,1.0,1.3,0.9,0.0,0.0,0.0,0.0,0.0,9.0,2.4
B.Strange,JAX,,0.0,0.0,10.93,8.49,3.46,0.0,10.0,1.0,5.0,3.833,0.0,0.0,0.0,0.0,0.0,45.0,9.833
B.Thomas,JAX,,0.0,0.0,16.58,26.95,2.77,1.0,7.0,1.0,6.5,3.429,0.214,0.61,0.0,0.0,1.5,50.5,9.914
B.Tremayne,CAR,,0.0,0.0,3.73,4.82,0.48,0.0,1.0,0.0,2.25,1.75,0.0,0.0,0.0,0.0,0.0,20.0,3.75
B.Tuten,JAX,,0.0,0.0,2.55,0.16,9.69,26.0,2.0,8.0,0.933,0.667,5.6,17.11,0.0,0.0,20.467,5.267,6.04
B.Whiteheart,CLE,,0.0,0.0,1.15,1.2,0.0,,,,1.0,0.333,0.0,0.0,0.0,0.0,0.0,0.667,0.4
B.Willis,SF,,0.0,0.0,0.18,0.05,0.0,,,,1.0,0.0,0.0,0.0,0.0,0.0,0.0,0.0,0.0
B.Wright,DET,,0.0,0.0,4.0,0.6,0.72,0.0,2.0,1.0,3.143,2.0,0.0,0.0,0.0,0.0,0.0,15.429,5.257
B.Young,CAR,QB,0.0,0.0,0.0,0.0,5.31,11.0,0.0,2.0,0.0,0.0,3.375,11.66,31.75,188.188,13.5,0.0,14.69
B.Yurosek,MIN,,0.0,0.0,0.64,0.3,0.0,,,,1.5,1.0,0.0,0.0,0.0,0.0,0.0,7.0,1.7
C.Akers,MIN,QB,0.0,0.0,0.0,0.0,0.0,,,,0.0,0.0,0.0,0.0,1.0,32.0,0.0,0.0,5.28
C.Akers,MIN,,0.0,0.0,0.21,-0.16,0.0,,,,1.0,0.0,5.0,1.22,0.0,0.0,19.0,0.0,1.9
C.Austin,PIT,,0.0,0.0,10.5,19.11,1.72,0.0,4.0,0.0,3.929,2.214,0.0,0.0,0.0,0.0,0.0,26.571,6.157
C.Bojorquez,CLE,QB,0.0,0.0,0.0,0.0,0.0,,,,0.0,0.0,0.0,0.0,1.0,0.0,0.0,0.0,0.0
C.Brooks,GB,,0.0,0.0,3.68,0.15,2.46,3.0,3.0,0.0,1.214,0.929,1.929,5.49,0.0,0.0,7.571,6.5,2.336
C.Brown,CIN,,0.0,0.0,14.57,1.01,22.37,37.0,12.0,17.0,5.235,4.059,13.706,60.99,0.0,0.0,59.941,24.353,16.371
C.Colby,SF,,0.0,0.0,0.18,-0.15,0.0,,,,1.0,1.0,0.0,0.0,0.0,0.0,0.0,-1.0,0.9
C.Dike,TEN,,0.0,0.0,13.96,15.27,10.53,2.0,14.0,5.0,4.353,2.824,0.647,2.91,0.0,0.0,1.059,24.882,6.829
C.Edwards-Helaire,KC,,0.0,0.0,0.36,-0.09,0.0,,,,1.0,1.0,3.5,1.63,0.0,0.0,6.5,4.5,2.1
C.Ford,CIN,,0.0,0.0,0.16,0.09,0.0,,,,1.0,1.0,0.0,0.0,0.0,0.0,0.0,21.0,3.1
C.Godwin,TB,,0.0,0.0,9.54,8.32,3.67,0.0,8.0,3.0,5.778,3.667,0.0,0.0,0.0,0.0,0.0,40.0,9.0
C.Grandy,CIN,,0.0,0.0,0.33,-0.13,0.0,,,,1.0,1.0,0.0,0.0,0.0,0.0,0.0,3.5,1.35
C.Ham,MIN,,0.0,0.0,0.42,0.05,0.95,2.0,0.0,2.0,0.5,0.5,0.75,0.73,0.0,0.0,1.25,2.75,3.9
C.Hubbard,CAR,,0.0,0.0,8.09,-1.23,12.08,19.0,6.0,5.0,2.6,2.0,9.0,29.16,0.0,0.0,34.067,14.867,8.493
C.Jones,CIN,,0.0,0.0,0.16,0.92,0.0,,,,1.0,0.0,0.0,0.0,0.0,0.0,0.0,0.0,0.0
C.Kiner,ARI,,0.0,0.0,0.48,0.25,1.28,2.0,1.0,0.0,0.75,0.5,3.0,3.27,0.0,0.0,14.5,3.75,2.325
C.Kirk,HOU,,0.0,0.0,9.52,7.94,2.88,0.0,7.0,3.0,4.818,2.545,0.0,0.0,0.0,0.0,0.0,21.727,5.264
C.Kmet,CHI,QB,0.0,0.0,0.37,0.6,2.8,0.0,7.0,1.0,2.0,1.0,0.0,0.0,1.0,0.0,0.0,10.0,2.0
C.Kmet,CHI,,0.0,0.0,8.77,8.69,2.8,0.0,7.0,1.0,3.133,1.933,0.0,0.0,0.0,0.0,0.0,22.467,4.98
C.Kolar,BAL,,0.0,0.0,3.67,3.14,1.16,0.0,3.0,1.0,1.364,0.909,0.0,0.0,0.0,0.0,0.0,12.909,3.291
C.Kupp,SEA,QB,0.0,0.0,0.22,0.49,5.0,0.0,13.0,3.0,1.0,1.0,0.0,0.0,1.0,0.0,0.0,32.0,3.2
C.Kupp,SEA,,0.0,0.0,15.32,13.85,5.0,0.0,13.0,3.0,4.667,3.067,0.0,0.0,0.0,0.0,0.0,37.4,7.607
C.Lamb,DAL,,0.0,0.0,19.18,28.49,5.84,0.0,17.0,4.0,9.0,5.769,0.077,0.22,0.0,0.0,0.154,82.846,15.454
C.Loveland,CHI,,0.0,0.0,15.49,16.45,6.4,1.0,15.0,5.0,5.188,3.625,0.062,0.2,0.0,0.0,-0.125,44.562,10.319
C.Manhertz,NYG,,0.0,0.0,0.4,0.26,0.38,0.0,1.0,0.0,1.0,0.5,0.0,0.0,0.0,0.0,0.0,3.5,0.85
C.McCaffrey,SF,QB,0.0,0.0,0.72,-0.1,35.97,75.0,25.0,24.0,4.0,4.0,20.0,4.16,1.0,0.0,53.0,21.0,17.4
C.McCaffrey,SF,,0.0,0.0,22.56,8.21,35.97,75.0,25.0,24.0,7.812,6.125,18.188,60.5,0.0,0.0,71.812,55.188,24.825
C.Moore,WAS,,0.0,0.0,5.28,8.85,0.92,0.0,2.0,0.0,2.875,1.375,0.125,0.21,0.0,0.0,1.125,25.875,4.825
C.Okonkwo,TEN,,0.0,0.0,14.91,9.33,3.29,0.0,5.0,0.0,4.647,3.294,0.0,0.0,0.0,0.0,0.0,32.941,7.294
C.Oladokun,KC,QB,0.0,0.0,0.0,0.0,0.4,1.0,0.0,0.0,0.0,0.0,1.667,1.16,21.0,78.333,6.0,0.0,5.067
C.Olave,NO,QB,0.0,0.0,1.06,0.68,7.94,0.0,15.0,2.0,6.0,3.0,0.0,0.0,1.0,0.0,0.0,20.0,10.0
C.Olave,NO,,0.0,0.0,26.5,38.67,7.94,0.0,15.0,2.0,10.0,6.467,0.067,0.23,0.0,0.0,-0.2,76.2,17.267
C.Otton,TB,,0.0,0.0,15.05,9.66,3.21,0.0,7.0,1.0,5.467,3.933,0.0,0.0,0.0,0.0,0.0,38.133,8.147
C.Owen,IND,,0.0,0.0,0.19,0.05,0.0,,,,1.0,0.0,0.0,0.0,0.0,0.0,0.0,0.0,0.0
C.Parkinson,LA,,0.0,0.0,9.64,4.68,7.31,0.0,22.0,2.0,4.0,3.071,0.0,0.0,0.0,0.0,0.0,29.143,9.414
C.Reynolds,DET,,0.0,0.0,0.0,0.0,0.0,,,,0.0,0.0,3.0,0.68,0.0,0.0,4.0,0.0,0.4
C.Ridley,TEN,,0.0,0.0,6.79,11.55,1.32,0.0,2.0,0.0,5.143,2.429,0.0,0.0,0.0,0.0,0.0,43.286,6.757
C.Rodriguez,WAS,,0.0,0.0,0.92,0.43,15.6,33.0,1.0,14.0,0.333,0.25,9.333,23.0,0.0,0.0,41.667,2.5,7.667
C.Runyon,LV,,0.0,0.0,0.2,-0.09,0.0,,,,1.0,1.0,0.0,0.0,0.0,0.0,0.0,3.0,1.3
C.Rush,BAL,QB,0.0,0.0,0.0,0.0,0.0,0.0,0.0,0.0,0.0,0.0,0.333,0.2,17.667,101.0,0.0,0.0,2.707
C.Rush,BAL,,0.0,0.0,0.0,0.0,0.0,0.0,0.0,0.0,0.0,0.0,3.0,0.59,0.0,0.0,-4.0,0.0,-0.4
C.Samuel,BUF,,0.0,0.0,1.84,4.15,0.36,0.0,1.0,0.0,1.8,1.4,0.0,0.0,0.0,0.0,0.0,16.2,4.22
C.Skattebo,NYG,,0.0,0.0,6.32,-0.12,10.73,24.0,4.0,10.0,4.0,3.0,12.75,19.92,0.0,0.0,51.25,25.875,15.962
C.Stover,HOU,,0.0,0.0,2.87,0.67,2.47,3.0,3.0,0.0,2.667,2.0,0.667,0.84,0.0,0.0,0.5,12.667,3.317
C.Stroud,HOU,QB,0.0,0.0,0.0,0.0,3.29,8.0,0.0,2.0,0.0,0.0,3.429,10.08,32.071,217.214,14.929,0.0,15.467
C.Sutton,DEN,QB,0.0,0.0,0.68,0.71,8.06,0.0,20.0,6.0,4.0,3.0,0.0,0.0,1.0,0.0,0.0,24.0,5.4
C.Sutton,DEN,,0.0,0.0,20.54,34.49,8.06,0.0,20.0,6.0,7.562,4.438,0.0,0.0,0.0,0.0,0.0,62.062,13.269
C.Tillman,CLE,,0.0,0.0,7.44,12.89,2.26,0.0,4.0,1.0,3.25,1.75,0.0,0.0,0.0,0.0,0.0,22.5,5.0
C.Tune,GB,QB,0.0,0.0,0.0,0.0,0.0,0.0,0.0,0.0,0.0,0.0,2.5,1.02,10.0,21.0,11.5,0.0,1.49
C.Ward,TEN,QB,0.0,0.0,0.0,0.0,6.58,10.0,0.0,2.0,0.0,0.0,2.294,10.32,35.0,186.412,9.353,0.0,12.215
C.Washington,ATL,,0.0,0.0,0.96,2.1,0.0,,,,1.667,0.667,0.0,0.0,0.0,0.0,0.0,14.0,2.067
C.Watson,GB,,0.0,0.0,11.9,23.9,2.87,1.0,6.0,2.0,5.5,3.5,0.1,0.2,0.0,0.0,0.3,61.1,13.24
C.Wentz,MIN,QB,0.0,0.0,0.0,0.0,0.95,2.0,0.0,0.0,0.0,0.0,2.2,2.68,37.8,243.2,11.4,0.0,14.668
C.White,SEA,,0.0,0.0,0.88,1.07,0.0,,,,1.333,1.0,0.0,0.0,0.0,0.0,0.0,30.0,6.0
C.Williams,CHI,QB,0.0,0.0,0.37,-0.07,8.4,20.0,1.0,3.0,0.118,0.118,4.529,15.19,35.059,231.882,22.529,1.294,19.128
C.Wilson,MIA,,0.0,0.0,1.94,2.39,1.49,0.0,3.0,0.0,1.5,0.833,0.0,0.0,0.0,0.0,0.0,7.333,1.567
C.Woerner,ATL,,0.0,0.0,1.72,0.29,0.49,0.0,1.0,0.0,1.5,1.333,0.0,0.0,0.0,0.0,0.0,8.0,2.133
C.Yankoff,WAS,,0.0,0.0,0.69,0.48,0.0,,,,1.0,0.667,0.0,0.0,0.0,0.0,0.0,6.0,1.267
Cas.Washington,ATL,,0.0,0.0,1.72,4.16,0.0,,,,4.5,2.0,0.0,0.0,0.0,0.0,0.0,26.0,4.6
Co.Heyward,PIT,,0.0,0.0,0.76,0.82,3.43,6.0,2.0,4.0,0.364,0.273,1.364,3.69,0.0,0.0,3.909,1.909,2.491
D.Achane,MIA,,0.0,0.0,18.28,1.06,21.39,32.0,11.0,6.0,5.312,4.188,14.875,55.09,0.0,0.0,84.375,30.062,20.131
D.Adams,LA,,0.0,0.0,19.62,27.27,10.63,0.0,32.0,16.0,8.143,4.286,0.0,0.0,0.0,0.0,0.0,56.357,15.921
D.Allen,LA,,0.0,0.0,5.68,2.45,2.33,0.0,7.0,3.0,2.2,1.6,0.0,0.0,0.0,0.0,0.0,13.867,4.187
D.Bellinger,NYG,,0.0,0.0,5.14,5.66,2.3,0.0,6.0,0.0,2.167,1.583,0.0,0.0,0.0,0.0,0.0,23.833,4.967
D.Brown,JAX,,0.0,0.0,6.74,10.62,3.46,1.0,9.0,1.0,3.364,1.818,0.545,1.22,0.0,0.0,2.727,20.636,4.7
D.Cooper,PHI,,0.0,0.0,2.36,2.59,0.0,,,,2.2,1.8,0.0,0.0,0.0,0.0,0.0,18.4,3.64
D.Culp,TB,,0.0,0.0,0.18,0.14,0.46,0.0,1.0,0.0,1.0,1.0,0.0,0.0,0.0,0.0,0.0,6.0,7.6
D.Dabney,GB,,0.0,0.0,0.43,0.24,0.41,0.0,1.0,0.0,2.0,1.0,0.0,0.0,0.0,0.0,0.0,3.0,1.3
D.Dallas,CAR,,0.0,0.0,0.0,0.0,0.48,1.0,0.0,0.0,0.0,0.0,1.0,0.22,0.0,0.0,0.0,0.0,0.0
D.Dallas,JAX,,0.0,0.0,0.18,-0.02,0.0,,,,1.0,0.0,2.0,0.41,0.0,0.0,21.0,0.0,2.1
D.Davis,LAC,,0.0,0.0,0.55,0.75,0.0,,,,0.6,0.4,0.4,0.43,0.0,0.0,1.0,2.0,0.7
D.Douglas,NE,,0.0,0.0,9.52,9.94,3.05,1.0,7.0,2.0,2.875,1.938,0.438,1.41,0.0,0.0,1.312,27.938,5.988
D.Drummond,ATL,,0.0,0.0,2.3,2.03,1.95,0.0,4.0,2.0,3.0,1.75,0.0,0.0,0.0,0.0,0.0,10.5,2.8
D.Duvernay,CHI,,0.0,0.0,0.93,1.65,0.4,0.0,1.0,1.0,1.667,0.667,0.0,0.0,0.0,0.0,0.0,8.667,1.533
D.Eskridge,MIA,,0.0,0.0,1.51,2.97,0.0,,,,1.4,0.8,0.0,0.0,0.0,0.0,0.0,12.4,2.04
D.Gabriel,CLE,QB,0.0,0.0,0.0,0.0,1.13,2.0,0.0,0.0,0.0,0.0,1.4,3.31,20.5,93.7,8.6,0.0,7.208
D.Giddens,IND,,0.0,0.0,0.37,-0.14,2.23,5.0,1.0,1.0,0.4,0.0,5.2,5.87,0.0,0.0,19.2,0.0,1.92
D.Goedert,PHI,,0.0,0.0,17.6,13.84,7.04,0.0,15.0,8.0,5.467,4.0,0.0,0.0,0.0,0.0,0.0,39.4,12.34
D.Henry,BAL,QB,0.0,0.0,0.24,-0.06,25.19,63.0,2.0,27.0,1.0,1.0,12.0,2.37,1.0,0.0,50.0,7.0,12.7
D.Henry,BAL,,0.0,0.0,4.89,0.41,25.19,63.0,2.0,27.0,1.25,0.875,18.438,58.19,0.0,0.0,96.562,8.938,17.05
D.Hopkins,BAL,,0.0,0.0,9.54,15.2,1.16,0.0,3.0,1.0,2.294,1.294,0.0,0.0,0.0,0.0,0.0,19.412,3.941
D.Johnson,ARI,,0.0,0.0,0.0,0.0,0.0,,,,0.0,0.0,1.0,0.27,0.0,0.0,0.0,0.0,0.0
D.Johnson,NE,,0.0,0.0,0.0,0.0,0.38,1.0,0.0,1.0,0.0,0.0,3.25,2.62,0.0,0.0,6.25,0.0,0.625
D.Jones,IND,QB,0.0,0.0,0.0,0.0,5.95,16.0,0.0,6.0,0.0,0.0,3.462,10.16,31.615,238.538,12.385,0.0,18.318
D.Kincaid,BUF,,0.0,0.0,10.25,13.32,3.23,0.0,9.0,2.0,4.167,3.25,0.0,0.0,0.0,0.0,0.0,47.583,10.508
D.Knox,BUF,,0.0,0.0,10.25,9.42,4.66,0.0,13.0,6.0,3.125,2.25,0.0,0.0,0.0,0.0,0.0,26.062,6.356
D.Laube,LV,,0.0,0.0,0.81,-0.19,0.0,,,,1.0,0.75,1.75,1.89,0.0,0.0,2.25,4.5,1.425
D.Lock,SEA,QB,0.0,0.0,0.0,0.0,0.0,,,,0.0,0.0,1.0,0.2,3.0,15.0,-1.0,0.0,0.5
D.Lock,SEA,,0.0,0.0,0.0,0.0,0.0,,,,0.0,0.0,2.5,0.98,0.0,0.0,-2.0,0.0,-0.2
D.London,ATL,,0.0,0.0,21.65,29.18,7.8,0.0,16.0,6.0,9.417,5.667,0.0,0.0,0.0,0.0,0.0,76.583,16.825
D.Martin-Robinson,TEN,,0.0,0.0,1.13,0.59,0.66,0.0,1.0,1.0,1.5,1.0,0.0,0.0,0.0,0.0,0.0,7.5,3.25
D.Maye,NE,QB,0.0,0.0,0.21,-0.18,8.4,22.0,0.0,4.0,0.059,0.059,6.118,20.97,31.765,258.471,26.471,0.118,21.292
D.Metcalf,PIT,,0.0,0.0,18.89,32.98,6.01,1.0,13.0,6.0,6.6,3.933,0.133,0.49,0.0,0.0,0.8,56.667,12.48
D.Mills,HOU,QB,0.0,0.0,0.0,0.0,1.23,3.0,0.0,2.0,0.0,0.0,2.333,2.94,28.167,152.5,10.0,0.0,11.267
D.Montgomery,DET,QB,0.0,0.0,0.73,0.27,13.31,35.0,2.0,17.0,1.333,1.333,11.333,7.67,1.0,1.0,46.333,11.667,12.507
D.Montgomery,DET,,0.0,0.0,4.55,0.05,13.31,35.0,2.0,17.0,1.786,1.429,8.929,28.22,0.0,0.0,41.214,11.214,9.243
D.Mooney,ATL,,0.0,0.0,13.79,24.35,3.9,0.0,8.0,1.0,4.8,2.133,0.0,0.0,0.0,0.0,0.0,29.533,5.487
D.Moore,CAR,,0.0,0.0,0.21,0.15,0.0,,,,0.5,0.5,0.5,0.22,0.0,0.0,6.0,2.5,1.35
D.Moore,CHI,QB,0.0,0.0,1.12,1.74,5.2,2.0,11.0,5.0,6.0,4.0,1.0,0.2,1.0,2.0,17.0,72.0,22.98
D.Moore,CHI,,0.0,0.0,14.74,20.04,5.2,2.0,11.0,5.0,4.938,2.875,0.875,2.76,0.0,0.0,3.875,37.188,9.231
D.Neal,NO,,0.0,0.0,3.36,-0.81,3.17,5.0,1.0,2.0,2.111,1.889,6.333,13.04,0.0,0.0,22.889,11.556,6.667
D.Njoku,CLE,,0.0,0.0,9.16,7.05,5.08,0.0,9.0,1.0,4.364,3.0,0.0,0.0,0.0,0.0,0.0,26.636,7.845
D.Ogunbowale,HOU,,0.0,0.0,2.33,0.52,3.7,6.0,3.0,3.0,1.444,1.111,1.222,2.31,0.0,0.0,2.778,8.444,2.9
D.Pettis,NO,,0.0,0.0,1.94,2.24,0.0,,,,2.75,2.25,0.0,0.0,0.0,0.0,0.0,31.75,5.425
D.Pierce,HOU,,0.0,0.0,0.18,-0.09,0.41,1.0,0.0,0.0,0.5,0.0,5.0,2.1,0.0,0.0,13.0,0.0,1.3
D.Pierce,KC,,0.0,0.0,0.0,0.0,0.0,,,,0.0,0.0,4.0,0.93,0.0,0.0,10.0,0.0,1.0
D.Prescott,DAL,QB,0.0,0.0,0.0,0.0,4.12,12.0,0.0,7.0,0.0,0.0,3.118,11.4,37.294,267.765,10.412,0.0,18.928
D.Robinson,SF,,0.0,0.0,6.5,11.43,1.44,0.0,4.0,2.0,2.571,1.571,0.071,0.21,0.0,0.0,0.429,19.714,4.014
D.Sample,CIN,,0.0,0.0,3.27,-0.15,0.46,0.0,1.0,1.0,1.818,1.364,0.091,0.26,0.0,0.0,0.273,9.636,2.9
D.Sampson,CLE,,0.0,0.0,7.63,-1.73,7.34,7.0,6.0,0.0,2.667,2.2,4.333,15.37,0.0,0.0,11.667,18.067,5.973
D.Samuel,WAS,,0.0,0.0,22.94,14.05,7.8,4.0,13.0,5.0,6.25,4.5,1.062,3.49,0.0,0.0,4.688,45.438,11.762
D.Schultz,HOU,,0.0,0.0,19.21,14.34,4.94,0.0,12.0,5.0,6.294,4.824,0.0,0.0,0.0,0.0,0.0,45.706,10.453
D.Sills,ATL,,0.0,0.0,6.9,9.66,2.93,0.0,6.0,0.0,3.0,1.5,0.0,0.0,0.0,0.0,0.0,15.917,4.092
D.Singletary,NYG,QB,0.0,0.0,0.0,0.0,9.2,22.0,2.0,11.0,0.0,0.0,9.0,1.76,1.0,0.0,26.0,0.0,8.6
D.Singletary,NYG,,0.0,0.0,3.75,-0.28,9.2,22.0,2.0,11.0,1.188,1.125,6.875,21.48,0.0,0.0,25.688,9.438,6.137
D.Slayton,NYG,,0.0,0.0,12.85,19.55,3.07,0.0,8.0,2.0,4.643,2.643,0.0,0.0,0.0,0.0,0.0,38.429,6.914
D.Smith,PHI,,0.0,0.0,24.46,32.17,5.63,0.0,12.0,3.0,6.706,4.529,0.0,0.0,0.0,0.0,0.0,59.294,11.871
D.Smythe,CHI,,0.0,0.0,1.12,0.53,0.0,,,,1.5,1.0,0.0,0.0,0.0,0.0,0.0,6.25,1.625
D.Swift,CHI,,0.0,0.0,8.96,-0.55,16.4,40.0,1.0,14.0,3.0,2.125,13.938,43.98,0.0,0.0,67.938,18.125,14.481
D.Thompkins,ATL,,0.0,0.0,0.57,0.17,0.0,,,,1.5,1.5,0.5,0.21,0.0,0.0,2.5,13.5,3.1
D.Thornton,LV,,0.0,0.0,6.05,15.54,1.23,0.0,2.0,0.0,2.727,0.909,0.0,0.0,0.0,0.0,0.0,12.273,2.136
D.Vele,NO,,0.0,0.0,7.07,9.23,2.65,0.0,5.0,3.0,4.444,2.778,0.0,0.0,0.0,0.0,0.0,32.556,7.367
D.Walker,BAL,,0.0,0.0,1.96,5.81,0.39,0.0,1.0,1.0,1.6,1.2,0.0,0.0,0.0,0.0,0.0,27.2,7.52
D.Waller,MIA,,0.0,0.0,7.53,10.88,3.98,0.0,8.0,3.0,4.375,3.0,0.125,0.23,0.0,0.0,0.5,35.375,11.088
D.Washington,PIT,,0.0,0.0,8.4,7.64,3.86,0.0,9.0,4.0,3.385,2.385,0.0,0.0,0.0,0.0,0.0,28.0,5.646
D.Wicks,GB,,0.0,0.0,9.96,12.65,1.64,0.0,4.0,1.0,3.538,2.308,0.077,0.2,0.0,0.0,0.462,25.538,5.831
D.Young,SEA,,0.0,0.0,0.66,1.56,0.0,,,,1.0,0.667,0.0,0.0,0.0,0.0,0.0,16.0,2.267
E.Arroyo,SEA,,0.0,0.0,5.69,6.01,1.92,0.0,5.0,1.0,2.0,1.154,0.0,0.0,0.0,0.0,0.0,13.769,2.992
E.Ayomanor,TEN,,0.0,0.0,16.79,28.7,5.26,0.0,8.0,1.0,5.562,2.562,0.0,0.0,0.0,0.0,0.0,32.188,7.281
E.Chism,NE,,0.0,0.0,0.62,0.78,0.38,0.0,1.0,0.0,1.5,1.5,0.0,0.0,0.0,0.0,0.0,37.5,8.25
E.Demercado,ARI,,0.0,0.0,3.23,0.27,3.85,5.0,4.0,1.0,1.818,1.182,4.0,11.99,0.0,0.0,28.364,9.182,5.482
E.Egbuka,TB,,0.0,0.0,23.49,36.25,7.34,1.0,15.0,4.0,7.529,3.706,0.176,0.63,0.0,0.0,0.529,55.176,11.394
E.Engram,DEN,,0.0,0.0,13.07,7.56,4.44,0.0,11.0,1.0,4.812,3.125,0.062,0.22,0.0,0.0,0.438,28.812,6.425
E.Higgins,ARI,,0.0,0.0,5.97,3.33,2.14,0.0,5.0,1.0,2.467,2.0,0.0,0.0,0.0,0.0,0.0,20.067,4.007
E.Hull,NO,,0.0,0.0,0.18,-0.09,1.59,3.0,0.0,0.0,0.167,0.167,3.167,4.35,0.0,0.0,8.0,1.0,1.067
E.Mitchell,KC,,0.0,0.0,0.18,0.37,0.0,,,,1.0,0.0,0.0,0.0,0.0,0.0,0.0,0.0,0.0
E.Moore,BUF,,0.0,0.0,3.48,4.07,0.36,1.0,0.0,1.0,1.889,1.0,0.667,1.1,0.0,0.0,2.667,12.444,3.178
E.Saubert,SEA,,0.0,0.0,1.75,0.76,1.54,0.0,4.0,1.0,1.6,0.8,0.0,0.0,0.0,0.0,0.0,6.2,1.42
E.Wilson,GB,,0.0,0.0,3.9,-0.78,11.07,24.0,3.0,5.0,1.125,0.938,7.812,25.41,0.0,0.0,31.0,6.188,5.781
F.Franks,ATL,,0.0,0.0,0.0,0.0,0.0,,,,0.0,0.0,1.0,0.42,0.0,0.0,2.0,0.0,0.2
F.Moreau,NO,,0.0,0.0,1.77,0.21,0.53,0.0,1.0,0.0,1.429,1.0,0.0,0.0,0.0,0.0,0.0,8.429,1.843
G.Bolles,DEN,,0.0,0.0,0.17,0.05,0.4,0.0,1.0,1.0,1.0,0.0,0.0,0.0,0.0,0.0,0.0,0.0,0.0
G.Calcaterra,PHI,,0.0,0.0,2.79,2.02,1.41,0.0,3.0,0.0,1.625,1.125,0.0,0.0,0.0,0.0,0.0,9.5,2.825
G.Davis,BUF,,0.0,0.0,3.69,4.55,2.15,0.0,6.0,2.0,3.0,2.0,0.0,0.0,0.0,0.0,0.0,21.5,5.15
G.Dortch,ARI,,0.0,0.0,5.32,1.3,4.27,3.0,7.0,1.0,2.75,2.417,0.583,1.91,0.0,0.0,1.25,17.167,6.258
G.Dulcich,MIA,,0.0,0.0,7.31,4.7,3.98,1.0,7.0,2.0,3.778,2.889,0.111,0.23,0.0,0.0,-0.778,37.222,7.2
G.Helm,TEN,,0.0,0.0,10.38,7.72,5.26,0.0,8.0,1.0,3.438,2.75,0.0,0.0,0.0,0.0,0.0,22.312,5.731
G.Holani,SEA,,0.0,0.0,0.44,-0.03,1.92,5.0,0.0,0.0,0.5,0.5,5.5,4.33,0.0,0.0,18.25,3.75,4.2
G.Kittle,SF,,0.0,0.0,12.45,11.14,5.04,1.0,13.0,3.0,6.273,5.182,0.091,0.21,0.0,0.0,-0.273,57.091,14.682
G.Larvadain,CLE,,0.0,0.0,2.86,3.48,0.56,0.0,1.0,1.0,2.143,1.0,0.143,0.24,0.0,0.0,0.429,10.143,2.057
G.Minshew,KC,QB,0.0,0.0,0.0,0.0,0.0,,,,0.0,0.0,0.5,0.23,6.5,18.5,4.0,0.0,0.64
G.Minshew,KC,,0.0,0.0,0.0,0.0,0.0,,,,0.0,0.0,2.5,1.16,0.0,0.0,-3.0,0.0,-0.3
G.Olszewski,NYG,QB,0.0,0.0,1.78,1.76,0.77,0.0,2.0,0.0,4.5,4.0,0.0,0.0,1.0,16.5,0.0,51.0,11.76
G.Olszewski,NYG,,0.0,0.0,0.79,1.25,0.77,0.0,2.0,0.0,1.333,0.667,0.0,0.0,0.0,0.0,0.0,14.333,4.1
G.Pickens,DAL,,0.0,0.0,22.62,31.41,8.25,0.0,24.0,7.0,8.118,5.471,0.0,0.0,0.0,0.0,0.0,84.059,17.053
G.Ricci,DET,,0.0,0.0,0.18,0.08,0.36,0.0,1.0,1.0,1.0,0.0,0.0,0.0,0.0,0.0,0.0,0.0,0.0
G.Smith,LV,QB,0.0,0.0,0.0,0.0,4.32,7.0,0.0,2.0,0.0,0.0,2.733,11.08,33.667,201.667,7.267,0.0,12.727
G.Stuard,DET,,0.0,0.0,0.0,0.0,0.0,,,,0.0,0.0,1.0,0.23,0.0,0.0,0.0,0.0,0.0
G.Wilson,NYJ,,0.0,0.0,12.58,16.63,2.79,0.0,5.0,1.0,8.571,5.143,0.0,0.0,0.0,0.0,0.0,56.429,14.214
H.Bryant,HOU,,0.0,0.0,1.08,1.26,0.0,,,,1.5,0.5,0.0,0.0,0.0,0.0,0.0,1.75,0.675
H.Fannin,CLE,,0.0,0.0,20.61,17.99,7.34,2.0,11.0,4.0,6.75,4.5,0.438,1.65,0.0,0.0,0.812,45.688,11.775
H.Haskins,LAC,,0.0,0.0,0.74,-0.07,0.83,2.0,0.0,0.0,0.8,0.8,3.4,3.64,0.0,0.0,9.4,2.6,2.0
H.Henry,NE,,0.0,0.0,18.01,15.87,8.4,0.0,22.0,6.0,5.118,3.529,0.0,0.0,0.0,0.0,0.0,45.176,10.518
H.Long,JAX,,0.0,0.0,3.1,1.35,1.38,0.0,4.0,1.0,2.429,1.714,0.0,0.0,0.0,0.0,0.0,12.143,4.643
H.Luepke,DAL,,0.0,0.0,2.46,-0.06,1.72,1.0,4.0,1.0,1.364,1.182,1.455,3.44,0.0,0.0,6.455,9.909,3.364
H.Renfrow,CAR,,0.0,0.0,5.39,5.95,2.9,0.0,6.0,2.0,4.333,2.5,0.0,0.0,0.0,0.0,0.0,14.833,5.983
I.Bond,CLE,,0.0,0.0,8.4,20.91,2.26,0.0,4.0,1.0,2.933,1.2,0.333,1.18,0.0,0.0,1.933,21.133,3.507
I.Davis,NYJ,,0.0,0.0,6.08,0.99,6.15,9.0,2.0,1.0,1.933,1.4,2.867,9.37,0.0,0.0,15.733,12.4,4.613
I.Hodgins,NYG,,0.0,0.0,3.75,4.8,1.53,0.0,4.0,0.0,3.167,1.667,0.0,0.0,0.0,0.0,0.0,19.167,4.583
I.Likely,BAL,,0.0,0.0,8.8,8.5,2.33,0.0,6.0,2.0,3.273,2.455,0.0,0.0,0.0,0.0,0.0,27.909,5.791
I.Pacheco,KC,,0.0,0.0,4.71,-0.63,9.49,20.0,4.0,1.0,2.0,1.462,9.077,27.44,0.0,0.0,35.538,7.769,6.715
I.Pola-Mao,LV,,0.0,0.0,0.0,0.0,0.0,,,,0.0,0.0,1.0,0.27,0.0,0.0,3.0,0.0,0.3
I.TeSlaa,DET,,0.0,0.0,4.91,9.58,3.96,0.0,11.0,2.0,1.929,1.143,0.0,0.0,0.0,0.0,0.0,17.071,5.421
I.Thomas,LV,,0.0,0.0,2.62,1.31,0.0,,,,1.857,1.857,0.0,0.0,0.0,0.0,0.0,16.286,3.486
I.Williams,NYJ,QB,0.0,0.0,0.84,0.53,0.56,0.0,1.0,0.0,4.0,1.0,1.0,0.22,1.0,0.0,4.0,2.0,1.6
I.Williams,NYJ,,0.0,0.0,6.71,3.26,0.56,0.0,1.0,0.0,4.0,3.125,0.25,0.44,0.0,0.0,3.75,23.875,5.888
J.Addison,MIN,,0.0,0.0,16.74,29.07,6.16,0.0,13.0,3.0,5.643,3.0,0.143,0.49,0.0,0.0,5.786,43.571,9.65
J.Allen,BUF,QB,0.0,0.0,0.0,0.0,11.83,33.0,0.0,17.0,0.0,0.0,7.0,20.48,31.688,229.25,36.188,0.0,23.664
J.Bates,WAS,,0.0,0.0,3.67,1.28,0.92,0.0,2.0,2.0,1.778,1.222,0.0,0.0,0.0,0.0,0.0,11.444,3.033
J.Bech,LV,,0.0,0.0,5.85,7.5,2.47,0.0,4.0,0.0,2.417,1.667,0.0,0.0,0.0,0.0,0.0,18.667,3.533
J.Blue,DAL,,0.0,0.0,0.16,-0.1,2.41,7.0,0.0,1.0,0.2,0.2,7.6,8.17,0.0,0.0,25.8,1.0,4.08
J.Bobo,SEA,,0.0,0.0,0.44,0.38,0.0,,,,1.0,1.0,0.0,0.0,0.0,0.0,0.0,10.0,2.0
J.Brissett,ARI,QB,0.0,0.0,0.0,0.0,2.14,5.0,0.0,3.0,0.0,0.0,2.846,10.08,40.846,258.923,12.769,0.0,18.557
J.Brissett,ARI,,0.0,0.0,0.0,0.0,2.14,5.0,0.0,3.0,0.0,0.0,1.0,0.27,0.0,0.0,2.0,0.0,0.2
J.Brooks,ARI,,0.0,0.0,0.97,1.53,0.0,,,,3.0,1.5,0.0,0.0,0.0,0.0,0.0,25.5,4.05
J.Browning,CIN,QB,0.0,0.0,0.0,0.0,0.91,2.0,0.0,1.0,0.0,0.0,1.8,2.36,26.8,154.2,7.8,0.0,11.348
J.Brownlee,KC,,0.0,0.0,0.18,0.21,0.4,0.0,1.0,0.0,1.0,0.0,0.0,0.0,0.0,0.0,0.0,0.0,0.0
J.Burrow,CIN,QB,0.0,0.0,0.0,0.0,0.91,2.0,0.0,1.0,0.0,0.0,1.75,3.66,34.75,226.125,5.125,0.0,17.432
J.Chase,CIN,,0.0,0.0,30.28,34.39,10.05,0.0,22.0,2.0,11.562,7.812,0.188,0.79,0.0,0.0,0.875,88.25,19.725
J.Chestnut,TEN,,0.0,0.0,0.38,0.56,2.63,4.0,0.0,2.0,0.286,0.0,1.571,2.91,0.0,0.0,5.714,0.0,0.571
J.Coker,CAR,,0.0,0.0,9.34,13.35,2.42,0.0,5.0,2.0,4.091,3.0,0.0,0.0,0.0,0.0,0.0,35.818,8.218
J.Conner,ARI,,0.0,0.0,1.45,-0.2,2.56,5.0,1.0,4.0,3.0,2.667,10.667,8.72,0.0,0.0,31.667,12.667,11.1
J.Cook,BUF,,0.0,0.0,8.2,1.6,21.15,56.0,3.0,17.0,2.353,1.941,18.176,56.49,0.0,0.0,95.353,17.118,18.129
J.Croskey-Merritt,WAS,,0.0,0.0,2.98,-0.51,15.14,32.0,1.0,13.0,0.765,0.529,10.353,36.14,0.0,0.0,47.353,4.0,8.488
J.Daniels,WAS,QB,0.0,0.0,0.0,0.0,3.21,7.0,0.0,3.0,0.0,0.0,8.429,12.11,29.571,180.286,39.714,0.0,17.04
J.Dart,NYG,QB,0.0,0.0,0.0,0.0,8.43,22.0,0.0,7.0,0.0,0.0,7.0,16.41,31.333,189.333,40.583,0.0,20.715
J.Dart,NYG,,0.0,0.0,0.0,0.0,8.43,22.0,0.0,7.0,0.0,0.0,1.0,0.39,0.0,0.0,0.0,0.0,0.0
J.Deguara,ARI,,0.0,0.0,0.81,0.52,0.43,0.0,1.0,0.0,1.25,0.75,0.0,0.0,0.0,0.0,0.0,5.25,2.775
J.Dobbins,DEN,,0.0,0.0,2.38,-0.68,8.06,20.0,0.0,7.0,1.4,1.1,15.3,33.48,0.0,0.0,77.2,3.7,11.59
J.Dobbs,NE,QB,0.0,0.0,0.0,0.0,0.0,,,,0.0,0.0,2.5,2.02,2.5,16.25,-1.25,0.0,0.525
J.Dotson,PHI,,0.0,0.0,7.73,13.18,2.35,0.0,5.0,0.0,2.571,1.286,0.0,0.0,0.0,0.0,0.0,18.714,3.586
J.Downs,IND,,0.0,0.0,16.42,15.42,5.58,0.0,15.0,2.0,5.5,3.625,0.125,0.45,0.0,0.0,-0.125,34.938,8.606
J.Ferguson,DAL,,0.0,0.0,16.89,9.64,8.59,0.0,25.0,9.0,6.059,4.824,0.059,0.22,0.0,0.0,0.059,35.294,11.182
J.Fields,NYJ,QB,0.0,0.0,0.21,0.19,7.82,13.0,1.0,5.0,0.111,0.0,8.111,15.9,26.111,139.889,42.556,0.0,15.518
J.FitzPatrick,GB,,0.0,0.0,3.25,0.59,1.64,0.0,4.0,1.0,1.5,1.2,0.0,0.0,0.0,0.0,0.0,7.2,2.52
J.Flacco,CIN,QB,0.0,0.0,0.0,0.0,2.28,5.0,0.0,1.0,0.0,0.0,1.75,3.66,33.375,208.0,2.5,0.0,15.32
J.Flacco,CIN,,0.0,0.0,0.0,0.0,2.28,5.0,0.0,1.0,0.0,0.0,1.0,0.26,0.0,0.0,2.0,0.0,0.2
J.Flacco,CLE,QB,0.0,0.0,0.0,0.0,1.13,2.0,0.0,2.0,0.0,0.0,1.5,1.42,42.25,203.75,3.25,0.0,8.975
J.Ford,CLE,,0.0,0.0,6.11,-1.36,5.65,4.0,6.0,3.0,2.462,2.0,1.846,5.67,0.0,0.0,5.615,7.923,3.354
J.Garoppolo,LA,,0.0,0.0,0.0,0.0,0.0,,,,0.0,0.0,3.0,1.94,0.0,0.0,-3.333,0.0,-0.333
J.Gibbs,DET,,0.0,0.0,17.09,1.47,24.1,52.0,15.0,12.0,5.529,4.529,14.294,54.85,0.0,0.0,71.941,36.059,21.682
J.Gillan,NYG,,0.0,0.0,0.0,0.0,0.0,,,,0.0,0.0,1.0,0.2,0.0,0.0,-13.0,0.0,-1.3
J.Goff,DET,QB,0.0,0.0,0.0,0.0,1.08,3.0,0.0,0.0,0.0,0.0,1.118,4.29,36.235,268.471,2.647,0.0,18.533
J.Hawes,BUF,,0.0,0.0,3.89,3.98,1.08,0.0,3.0,2.0,1.462,1.231,0.0,0.0,0.0,0.0,0.0,14.385,4.054
J.Herbert,LAC,QB,0.0,0.0,0.0,0.0,5.79,14.0,0.0,4.0,0.0,0.0,5.25,17.99,35.375,232.938,31.125,0.0,18.868
J.Higgins,HOU,,0.0,0.0,12.39,18.26,3.7,0.0,9.0,2.0,4.059,2.412,0.0,0.0,0.0,0.0,0.0,30.882,7.618
J.Hill,BAL,,0.0,0.0,6.6,-0.18,1.55,3.0,1.0,1.0,3.0,2.333,2.0,3.55,0.0,0.0,10.333,18.778,7.244
J.Hill,MIA,,0.0,0.0,4.52,2.0,1.99,0.0,4.0,1.0,1.909,1.364,0.0,0.0,0.0,0.0,0.0,12.727,2.636
J.Hurts,PHI,QB,0.0,0.0,0.0,0.0,12.68,27.0,0.0,12.0,0.0,0.0,6.562,21.92,30.5,201.5,26.312,0.0,19.566
J.Hyatt,NYG,,0.0,0.0,2.77,6.49,0.38,0.0,1.0,0.0,2.8,1.0,0.0,0.0,0.0,0.0,0.0,7.0,1.7
J.Jacobs,GB,,0.0,0.0,9.52,-0.95,23.77,52.0,6.0,20.0,2.933,2.4,15.6,47.56,0.0,0.0,61.933,18.8,16.073
J.Jefferson,MIN,,0.0,0.0,30.08,38.59,9.0,0.0,19.0,6.0,8.353,4.941,0.118,0.49,0.0,0.0,0.412,61.647,11.853
J.Jennings,SF,,0.0,0.0,16.79,21.91,7.91,0.0,22.0,8.0,6.2,3.667,0.0,0.0,0.0,0.0,0.0,42.867,11.553
J.Jeudy,CLE,,0.0,0.0,20.23,35.87,5.08,0.0,9.0,0.0,6.235,2.941,0.059,0.24,0.0,0.0,0.294,35.412,7.218
J.Johnson,NO,,0.0,0.0,18.02,16.52,4.23,0.0,8.0,0.0,6.0,4.529,0.0,0.0,0.0,0.0,0.0,52.294,10.818
J.Johnson,WAS,QB,0.0,0.0,0.0,0.0,0.92,2.0,0.0,1.0,0.0,0.0,4.0,2.46,18.667,124.0,18.333,0.0,9.46
J.Jordan,HOU,,0.0,0.0,1.26,-0.13,2.06,5.0,0.0,1.0,1.75,1.75,10.75,9.03,0.0,0.0,48.25,8.5,7.425
J.Karty,LA,QB,0.0,0.0,0.0,0.0,0.0,0.0,0.0,0.0,0.0,0.0,0.0,0.0,1.0,0.0,0.0,0.0,0.0
J.Keeney-James,GB,,0.0,0.0,0.43,0.37,0.0,,,,2.0,2.0,0.0,0.0,0.0,0.0,0.0,15.0,3.5
J.Lane,WAS,,0.0,0.0,7.34,11.39,0.92,0.0,2.0,0.0,2.462,1.231,0.077,0.21,0.0,0.0,0.538,17.308,3.015
J.Love,GB,QB,0.0,0.0,0.0,0.0,2.46,6.0,0.0,2.0,0.0,0.0,3.133,9.55,30.8,225.4,13.267,0.0,16.076
J.Mason,MIN,,0.0,0.0,3.39,-1.4,14.22,29.0,1.0,7.0,1.0,0.875,9.938,38.78,0.0,0.0,47.375,3.188,8.181
J.Matthews,ATL,,0.0,0.0,0.19,0.02,0.49,0.0,1.0,1.0,1.0,0.0,0.0,0.0,0.0,0.0,0.0,0.0,0.0
J.McCarthy,MIN,QB,0.0,0.0,0.0,0.0,2.84,6.0,0.0,1.0,0.0,0.0,3.7,9.02,27.3,163.2,18.1,0.0,13.938
J.McLaughlin,DEN,,0.0,0.0,1.02,-0.52,2.02,5.0,0.0,1.0,0.75,0.5,4.625,8.1,0.0,0.0,23.375,3.375,3.925
J.McMillan,TB,,0.0,0.0,2.75,4.13,0.92,1.0,1.0,0.0,3.75,3.0,0.25,0.21,0.0,0.0,0.25,44.5,7.475
J.McNichols,WAS,,0.0,0.0,7.34,-0.61,4.13,6.0,3.0,3.0,2.0,1.562,2.812,9.24,0.0,0.0,13.812,12.25,4.544
J.Metchie,NYJ,,0.0,0.0,9.22,8.14,2.79,0.0,5.0,0.0,4.889,3.222,0.333,0.65,0.0,0.0,-0.556,28.444,7.344
J.Metchie,PHI,,0.0,0.0,0.86,0.14,0.0,,,,1.333,1.333,0.0,0.0,0.0,0.0,0.0,6.0,1.933
J.Meyers,JAX,,0.0,0.0,11.11,11.72,3.81,2.0,9.0,3.0,6.778,4.667,0.556,1.02,0.0,0.0,1.444,53.667,12.178
J.Meyers,LV,,0.0,0.0,9.88,13.63,3.7,0.0,6.0,0.0,7.0,4.714,0.0,0.0,0.0,0.0,0.0,50.286,9.743
J.Milroe,SEA,,0.0,0.0,0.0,0.0,0.0,,,,0.0,0.0,1.0,0.59,0.0,0.0,1.333,0.0,0.133
J.Milton,DAL,QB,0.0,0.0,0.0,0.0,0.34,1.0,0.0,1.0,0.0,0.0,1.25,1.08,6.0,45.75,12.5,0.0,3.58
J.Mingo,DAL,,0.0,0.0,0.82,1.97,0.0,,,,1.0,0.2,0.0,0.0,0.0,0.0,0.0,5.0,0.7
J.Mitchell,CAR,,0.0,0.0,0.62,0.21,0.0,,,,1.5,1.5,0.0,0.0,0.0,0.0,0.0,14.0,2.9
J.Mundt,JAX,,0.0,0.0,3.46,2.05,0.35,0.0,1.0,0.0,1.727,0.818,0.0,0.0,0.0,0.0,0.0,10.091,1.827
J.Nailor,MIN,,0.0,0.0,11.44,17.61,6.16,0.0,13.0,5.0,3.176,1.706,0.118,0.49,0.0,0.0,0.765,26.118,5.806
J.Noel,HOU,,0.0,0.0,6.28,7.12,2.88,2.0,5.0,2.0,2.5,1.857,0.429,1.26,0.0,0.0,0.857,20.857,4.886
J.Oliver,MIN,,0.0,0.0,4.24,1.72,3.32,0.0,7.0,1.0,1.667,1.25,0.0,0.0,0.0,0.0,0.0,13.333,4.583
J.Palmer,BUF,,0.0,0.0,7.58,12.14,2.15,0.0,6.0,1.0,3.083,1.833,0.0,0.0,0.0,0.0,0.0,25.25,4.358
J.Patterson,LAC,,0.0,0.0,0.74,-0.02,2.48,6.0,0.0,2.0,0.667,0.5,6.833,8.78,0.0,0.0,26.5,1.333,4.283
J.Proche,TEN,,0.0,0.0,2.26,4.46,0.0,,,,2.0,1.0,0.0,0.0,0.0,0.0,0.0,10.833,2.083
J.Reed,GB,,0.0,0.0,4.76,4.38,1.64,0.0,4.0,0.0,4.4,3.8,0.6,0.61,0.0,0.0,5.6,41.4,9.7
J.Reynolds,NYJ,,0.0,0.0,4.61,8.58,1.12,0.0,2.0,1.0,4.4,2.2,0.0,0.0,0.0,0.0,0.0,20.2,4.22
J.Royals,KC,,0.0,0.0,0.54,0.51,0.0,,,,3.0,2.0,0.0,0.0,0.0,0.0,0.0,4.0,2.4
J.Ruckert,NYJ,,0.0,0.0,6.08,3.17,1.68,0.0,3.0,1.0,2.231,1.769,0.0,0.0,0.0,0.0,0.0,12.923,3.523
J.Sanders,CAR,,0.0,0.0,7.05,5.03,4.83,0.0,10.0,0.0,3.091,2.636,0.0,0.0,0.0,0.0,0.0,17.273,4.909
J.Saylors,DET,,0.0,0.0,0.0,0.0,0.0,,,,0.0,0.0,2.0,0.45,0.0,0.0,11.0,0.0,1.1
J.Simmons,TEN,,0.0,0.0,0.19,0.03,0.66,0.0,1.0,1.0,1.0,1.0,0.0,0.0,0.0,0.0,0.0,1.0,7.1
J.Smith,PIT,,0.0,0.0,10.5,7.39,4.29,2.0,8.0,3.0,3.235,2.235,0.529,2.21,0.0,0.0,4.118,13.059,5.012
J.Smith-Njigba,SEA,,0.0,0.0,35.67,50.07,6.54,0.0,17.0,3.0,9.588,7.0,0.412,1.38,0.0,0.0,2.118,105.471,21.288
J.Smith-Schuster,KC,,0.0,0.0,8.15,5.68,3.56,0.0,9.0,2.0,2.812,2.062,0.0,0.0,0.0,0.0,0.0,21.562,4.594
J.Stidham,DEN,,0.0,0.0,0.0,0.0,0.0,,,,0.0,0.0,1.0,0.22,0.0,0.0,-1.0,0.0,-0.1
J.Stoll,NO,,0.0,0.0,1.94,0.73,0.53,0.0,1.0,0.0,1.375,0.75,0.0,0.0,0.0,0.0,0.0,5.75,2.075
J.Taylor,IND,,0.0,0.0,10.45,-1.05,28.25,71.0,5.0,25.0,3.294,2.706,19.059,73.14,0.0,0.0,93.235,22.235,21.312
J.Thrash,CLE,,0.0,0.0,2.86,2.84,0.56,0.0,1.0,0.0,1.875,1.25,0.0,0.0,0.0,0.0,0.0,13.375,2.588
J.Tolbert,DAL,,0.0,0.0,5.74,8.28,1.72,0.0,5.0,2.0,3.182,1.636,0.0,0.0,0.0,0.0,0.0,18.455,4.027
J.Tonges,SF,,0.0,0.0,8.3,5.64,2.52,0.0,7.0,3.0,5.111,3.778,0.0,0.0,0.0,0.0,0.0,32.556,10.367
J.Waddle,MIA,QB,0.0,0.0,1.72,3.64,5.47,0.0,11.0,4.0,8.0,6.0,0.0,0.0,1.0,8.0,0.0,95.0,15.82
J.Waddle,MIA,,0.0,0.0,19.78,35.94,5.47,0.0,11.0,4.0,6.133,3.867,0.133,0.46,0.0,0.0,1.867,54.333,11.887
J.Walker,CHI,,0.0,0.0,1.87,2.87,0.8,0.0,2.0,1.0,3.333,2.0,0.0,0.0,0.0,0.0,0.0,29.0,8.9
J.Warren,PIT,,0.0,0.0,8.59,-3.57,19.31,40.0,5.0,15.0,2.812,2.5,13.188,51.84,0.0,0.0,59.875,20.812,13.569
J.Watkins,SF,,0.0,0.0,0.54,1.04,0.0,,,,1.5,1.0,0.0,0.0,0.0,0.0,0.0,13.0,2.3
J.Watson,HOU,,0.0,0.0,0.72,0.72,0.82,0.0,2.0,0.0,2.0,1.5,0.0,0.0,0.0,0.0,0.0,15.0,3.0
J.Wayne,HOU,,0.0,0.0,0.36,0.37,0.0,,,,2.0,2.0,0.0,0.0,0.0,0.0,0.0,20.0,4.0
J.Westover,NE,,0.0,0.0,0.41,0.04,0.0,,,,1.0,0.5,0.0,0.0,0.0,0.0,0.0,0.0,0.5
J.Whittington,LA,,0.0,0.0,4.3,3.23,0.66,1.0,1.0,0.0,1.923,1.385,0.231,0.65,0.0,0.0,0.923,13.154,2.792
J.Whyle,GB,,0.0,0.0,1.3,0.56,0.41,0.0,1.0,1.0,1.0,0.833,0.0,0.0,0.0,0.0,0.0,6.0,2.433
J.Wiley,KC,,0.0,0.0,0.18,-0.09,0.0,,,,1.0,1.0,0.0,0.0,0.0,0.0,0.0,4.0,1.4
J.Williams,DAL,,0.0,0.0,8.36,-1.36,22.68,54.0,12.0,24.0,3.188,2.188,15.75,54.19,0.0,0.0,75.062,8.562,15.425
J.Williams,DET,,0.0,0.0,18.55,35.09,3.6,1.0,9.0,1.0,6.0,3.824,0.353,1.35,0.0,0.0,0.706,65.235,12.888
J.Williams,TB,,0.0,0.0,0.0,0.0,0.0,,,,0.0,0.0,4.0,0.84,0.0,0.0,11.0,0.0,1.1
J.Winston,NYG,QB,0.0,0.0,0.2,0.3,0.77,2.0,0.0,1.0,0.333,0.333,2.333,1.37,23.0,189.0,7.667,11.0,15.76
J.Woods,NYJ,,0.0,0.0,0.63,0.19,0.56,0.0,1.0,0.0,1.5,0.5,0.0,0.0,0.0,0.0,0.0,2.0,0.7
J.Wright,MIA,,0.0,0.0,1.94,-1.03,5.97,12.0,0.0,4.0,1.0,0.556,7.778,16.2,0.0,0.0,32.0,4.889,5.578
J.Wright,SEA,,0.0,0.0,0.0,0.0,0.0,,,,0.0,0.0,5.0,0.98,0.0,0.0,20.0,0.0,2.0
Ja.Jones,WAS,,0.0,0.0,0.23,0.08,0.0,,,,1.0,1.0,0.0,0.0,0.0,0.0,0.0,25.0,3.5
Ji.Horn,CAR,,0.0,0.0,3.11,2.76,1.45,0.0,3.0,0.0,1.5,1.1,0.8,1.73,0.0,0.0,6.9,10.8,2.87
K.Allen,DET,QB,0.0,0.0,0.0,0.0,0.0,,,,0.0,0.0,1.0,0.23,2.0,0.0,-1.0,0.0,-0.1
K.Allen,DET,,0.0,0.0,0.0,0.0,0.0,,,,0.0,0.0,2.0,0.45,0.0,0.0,-2.0,0.0,-0.2
K.Allen,LAC,,0.0,0.0,22.43,23.3,6.61,0.0,16.0,3.0,7.176,4.765,0.0,0.0,0.0,0.0,0.0,45.706,10.747
K.Austin,NO,,0.0,0.0,4.06,4.08,1.06,0.0,2.0,0.0,4.6,2.6,0.0,0.0,0.0,0.0,0.0,28.0,6.6
K.Bourne,SF,,0.0,0.0,9.57,14.14,0.72,0.0,2.0,0.0,3.786,2.643,0.0,0.0,0.0,0.0,0.0,39.357,6.579
K.Boutte,NE,,0.0,0.0,9.52,17.45,1.53,0.0,4.0,2.0,3.286,2.357,0.0,0.0,0.0,0.0,0.0,39.357,8.864
K.Coleman,BUF,,0.0,0.0,12.7,18.87,4.3,0.0,12.0,6.0,5.167,3.167,0.0,0.0,0.0,0.0,0.0,33.667,8.533
K.Cousins,ATL,QB,0.0,0.0,0.0,0.0,0.49,1.0,0.0,1.0,0.0,0.0,1.4,2.93,28.4,172.1,0.7,0.0,11.054
K.Gainwell,PIT,,0.0,0.0,16.22,-0.54,17.17,23.0,17.0,10.0,5.0,4.294,6.706,28.01,0.0,0.0,31.588,28.588,13.135
K.Granson,PHI,,0.0,0.0,1.93,1.61,0.47,0.0,1.0,0.0,2.25,1.75,0.0,0.0,0.0,0.0,0.0,10.0,2.75
K.Herbert,NYJ,,0.0,0.0,0.84,-0.4,2.23,3.0,1.0,0.0,1.333,0.333,5.333,3.49,0.0,0.0,17.333,1.333,2.2
K.Hodge,ATL,,0.0,0.0,1.92,3.59,0.0,,,,3.333,1.0,0.0,0.0,0.0,0.0,0.0,10.333,2.033
K.Hunt,KC,,0.0,0.0,4.53,0.0,17.0,38.0,5.0,16.0,1.471,1.059,9.588,37.91,0.0,0.0,35.941,8.412,8.671
K.Johnson,PIT,,0.0,0.0,0.38,-0.25,1.72,4.0,0.0,0.0,0.2,0.1,2.8,6.88,0.0,0.0,6.9,0.9,0.88
K.Johnson,TB,,0.0,0.0,1.28,2.03,0.0,,,,1.4,0.8,0.4,0.42,0.0,0.0,2.6,12.8,3.54
K.Juszczyk,SF,,0.0,0.0,5.05,2.91,2.16,1.0,5.0,3.0,1.867,1.6,0.133,0.42,0.0,0.0,-0.2,14.2,3.8
K.Lambert-Smith,LAC,,0.0,0.0,2.21,4.79,0.83,0.0,2.0,0.0,1.714,0.714,0.0,0.0,0.0,0.0,0.0,7.286,2.3
K.Latu,BUF,,0.0,0.0,0.82,0.34,0.0,,,,2.0,2.0,0.0,0.0,0.0,0.0,0.0,17.5,3.75
K.Miller,NO,,0.0,0.0,0.88,-0.11,2.65,5.0,0.0,0.0,0.714,0.714,6.714,10.76,0.0,0.0,27.571,4.286,4.757
K.Milton,CIN,,0.0,0.0,0.0,0.0,0.0,,,,0.0,0.0,2.0,0.52,0.0,0.0,2.0,0.0,0.2
K.Mitchell,BAL,,0.0,0.0,2.93,-0.83,5.43,14.0,0.0,0.0,1.0,0.75,4.917,11.64,0.0,0.0,28.417,5.25,4.617
K.Monangai,CHI,,0.0,0.0,5.6,0.04,16.4,38.0,3.0,12.0,1.765,1.059,10.059,33.73,0.0,0.0,46.059,9.647,8.394
K.Mullings,TEN,,0.0,0.0,0.0,0.0,0.0,,,,0.0,0.0,1.0,0.79,0.0,0.0,2.333,0.0,0.233
K.Mumpfield,LA,,0.0,0.0,3.96,5.59,1.33,0.0,4.0,1.0,2.556,1.111,0.0,0.0,0.0,0.0,0.0,10.222,2.8
K.Murray,ARI,QB,0.0,0.0,0.0,0.0,1.71,4.0,0.0,1.0,0.0,0.0,5.8,7.9,35.4,192.4,34.6,0.0,16.556
K.Nwangwu,NYJ,,0.0,0.0,0.21,-0.19,1.68,3.0,0.0,2.0,0.5,0.0,6.5,2.83,0.0,0.0,24.5,0.0,2.45
K.Pickett,LV,QB,0.0,0.0,0.0,0.0,0.0,0.0,0.0,0.0,0.0,0.0,0.833,1.35,8.833,31.333,3.667,0.0,1.953
K.Pitts,ATL,,0.0,0.0,22.8,20.77,6.34,0.0,13.0,2.0,7.0,5.176,0.0,0.0,0.0,0.0,0.0,54.588,12.4
K.Raymond,DET,,0.0,0.0,5.45,4.6,0.72,0.0,2.0,0.0,2.5,2.0,0.167,0.45,0.0,0.0,1.583,24.083,5.067
K.Shakir,BUF,,0.0,0.0,19.88,9.99,5.38,0.0,15.0,3.0,6.062,4.5,0.062,0.18,0.0,0.0,0.312,42.875,10.319
K.Slovis,ARI,QB,0.0,0.0,0.0,0.0,0.0,,,,0.0,0.0,0.0,0.0,1.0,-1.0,0.0,0.0,-0.04
K.Turpin,DAL,,0.0,0.0,6.23,6.88,1.72,0.0,5.0,0.0,2.533,1.733,1.133,3.66,0.0,0.0,5.933,26.4,5.767
K.Vidal,LAC,,0.0,0.0,4.04,-0.32,13.22,26.0,6.0,7.0,1.833,1.333,12.917,33.19,0.0,0.0,53.583,11.333,9.825
K.Walker,SEA,,0.0,0.0,7.88,-1.12,14.23,34.0,3.0,8.0,2.118,1.824,13.0,43.5,0.0,0.0,60.412,16.588,11.288
K.Williams,CIN,,0.0,0.0,0.16,0.11,0.0,,,,0.333,0.333,0.667,0.52,0.0,0.0,3.333,1.667,0.833
K.Williams,LA,,0.0,0.0,8.61,2.36,20.93,53.0,10.0,18.0,2.941,2.118,15.235,55.7,0.0,0.0,73.647,16.529,15.724
K.Williams,NE,,0.0,0.0,4.35,8.94,0.0,,,,1.615,0.769,0.154,0.4,0.0,0.0,0.231,16.077,3.785
L.Allen,JAX,,0.0,0.0,2.0,-0.31,2.08,4.0,2.0,1.0,0.786,0.714,1.643,4.68,0.0,0.0,6.714,3.857,1.771
L.Burden,CHI,,0.0,0.0,11.19,10.14,1.6,0.0,4.0,0.0,4.0,3.133,0.4,1.18,0.0,0.0,2.467,43.467,8.527
L.Farrell,SF,,0.0,0.0,2.53,0.99,1.44,0.0,4.0,1.0,1.556,1.222,0.0,0.0,0.0,0.0,0.0,9.444,3.5
L.Humphrey,DEN,,0.0,0.0,2.55,2.99,0.81,0.0,2.0,1.0,3.0,1.8,0.0,0.0,0.0,0.0,0.0,20.2,5.02
L.Humphrey,NYG,,0.0,0.0,1.98,3.39,0.77,0.0,2.0,1.0,5.0,2.0,0.0,0.0,0.0,0.0,0.0,27.5,4.75
L.Jackson,BAL,QB,0.0,0.0,0.0,0.0,5.04,13.0,0.0,1.0,0.0,0.0,5.154,13.21,26.154,196.077,26.846,0.0,17.374
L.Krull,DEN,,0.0,0.0,0.68,0.46,0.0,,,,2.0,1.0,0.0,0.0,0.0,0.0,0.0,7.5,1.75
L.McCaffrey,WAS,,0.0,0.0,3.67,5.81,1.38,0.0,3.0,2.0,2.286,1.571,0.0,0.0,0.0,0.0,0.0,29.0,7.043
L.McConkey,LAC,,0.0,0.0,19.49,23.73,6.2,0.0,15.0,4.0,6.625,4.125,0.0,0.0,0.0,0.0,0.0,49.312,11.306
L.Musgrave,GB,,0.0,0.0,6.71,6.51,0.41,0.0,1.0,0.0,2.385,1.846,0.0,0.0,0.0,0.0,0.0,19.385,3.785
L.Schoonmaker,DAL,,0.0,0.0,3.77,3.35,0.69,0.0,2.0,0.0,1.643,1.0,0.0,0.0,0.0,0.0,0.0,9.429,1.943
L.Wypler,CLE,,0.0,0.0,0.19,0.03,0.56,0.0,1.0,1.0,1.0,0.0,0.0,0.0,0.0,0.0,0.0,0.0,0.0
M.Alie-Cox,IND,,0.0,0.0,3.73,2.18,2.23,0.0,6.0,1.0,1.818,1.182,0.0,0.0,0.0,0.0,0.0,10.636,2.791
M.Andrews,BAL,,0.0,0.0,17.11,15.05,6.98,3.0,15.0,10.0,4.118,2.824,0.588,1.97,0.0,0.0,2.824,24.824,7.706
M.Bandy,DEN,,0.0,0.0,0.68,0.55,0.4,0.0,1.0,0.0,1.333,1.333,0.0,0.0,0.0,0.0,0.0,16.667,5.0
M.Brosmer,MIN,QB,0.0,0.0,0.0,0.0,0.0,0.0,0.0,0.0,0.0,0.0,1.0,1.46,14.167,54.667,2.0,0.0,1.72
M.Brosmer,MIN,,0.0,0.0,0.0,0.0,0.0,0.0,0.0,0.0,0.0,0.0,1.0,0.24,0.0,0.0,-1.0,0.0,-0.1
M.Brown,KC,,0.0,0.0,13.41,19.45,3.95,0.0,10.0,1.0,4.625,3.062,0.0,0.0,0.0,0.0,0.0,36.688,8.606
M.Carter,ARI,,0.0,0.0,7.26,1.69,6.41,8.0,7.0,3.0,3.462,2.538,7.077,25.07,0.0,0.0,25.615,20.538,7.615
M.Corley,CLE,,0.0,0.0,2.67,-0.19,1.69,2.0,1.0,1.0,1.167,0.917,1.083,3.07,0.0,0.0,10.583,6.583,2.633
M.Cunningham,DET,,0.0,0.0,0.0,0.0,0.0,,,,0.0,0.0,1.0,0.23,0.0,0.0,1.0,0.0,0.1
M.Davis,DAL,,0.0,0.0,0.82,0.37,2.75,8.0,0.0,2.0,0.556,0.222,5.778,11.18,0.0,0.0,27.778,1.778,4.511
M.Evans,CAR,,0.0,0.0,5.19,2.79,1.93,0.0,4.0,3.0,1.923,1.462,0.077,0.22,0.0,0.0,0.077,13.154,3.708
M.Evans,TB,,0.0,0.0,11.38,19.0,4.13,0.0,9.0,5.0,7.75,3.75,0.0,0.0,0.0,0.0,0.0,46.0,10.6
M.Gaskin,SEA,,0.0,0.0,0.0,0.0,0.0,,,,0.0,0.0,3.0,0.59,0.0,0.0,6.0,0.0,0.6
M.Gesicki,CIN,,0.0,0.0,7.04,9.16,3.65,0.0,8.0,4.0,3.583,2.333,0.0,0.0,0.0,0.0,0.0,25.583,5.892
M.Golden,GB,,0.0,0.0,9.52,13.5,1.64,2.0,2.0,0.0,3.143,2.071,0.714,2.03,0.0,0.0,3.5,25.786,5.0
M.Haack,ARI,QB,0.0,0.0,0.0,0.0,0.0,,,,0.0,0.0,0.0,0.0,1.0,28.0,0.0,0.0,1.12
M.Hardman,BUF,,0.0,0.0,0.2,1.32,0.0,,,,1.0,0.0,0.0,0.0,0.0,0.0,0.0,0.0,0.0
M.Harrison,ARI,,0.0,0.0,11.94,21.26,4.7,0.0,11.0,4.0,6.167,3.417,0.0,0.0,0.0,0.0,0.0,50.667,10.483
M.Heath,GB,,0.0,0.0,1.52,1.59,0.0,,,,1.4,1.2,0.0,0.0,0.0,0.0,0.0,17.2,2.92
M.Hollins,NE,,0.0,0.0,13.46,19.02,1.91,0.0,5.0,2.0,4.643,3.286,0.071,0.2,0.0,0.0,0.286,39.286,8.1
M.Jones,SF,QB,0.0,0.0,0.0,0.0,1.08,3.0,0.0,1.0,0.0,0.0,3.5,5.82,38.375,268.875,8.0,0.0,17.305
M.Jones,SF,,0.0,0.0,0.0,0.0,1.08,3.0,0.0,1.0,0.0,0.0,2.667,1.66,0.0,0.0,-1.333,0.0,-0.133
M.Kinsey,TEN,,0.0,0.0,0.75,2.35,0.0,,,,2.0,1.0,0.0,0.0,0.0,0.0,0.0,24.0,3.4
M.Mapu,NE,QB,0.0,0.0,0.0,0.0,0.0,,,,0.0,0.0,0.0,0.0,1.0,0.0,0.0,0.0,0.0
M.Mariota,WAS,QB,0.0,0.0,0.0,0.0,3.67,8.0,0.0,3.0,0.0,0.0,5.0,10.27,24.6,169.5,29.7,0.0,13.65
M.Matavao,NO,,0.0,0.0,0.35,0.11,0.0,,,,2.0,2.0,0.0,0.0,0.0,0.0,0.0,10.0,3.0
M.Mayer,LV,,0.0,0.0,10.08,7.5,3.7,0.0,6.0,1.0,4.167,2.917,0.0,0.0,0.0,0.0,0.0,27.333,6.15
M.Mims,DEN,,0.0,0.0,8.66,10.91,2.02,2.0,3.0,0.0,3.4,2.467,0.8,2.63,0.0,0.0,5.2,21.467,5.933
M.Moore,NYJ,,0.0,0.0,0.21,0.09,0.0,,,,1.0,1.0,0.0,0.0,0.0,0.0,0.0,3.0,1.3
M.Nabers,NYG,,0.0,0.0,6.92,12.87,1.53,0.0,4.0,2.0,8.75,4.5,0.0,0.0,0.0,0.0,0.0,67.75,14.275
M.Penix,ATL,QB,0.0,0.0,0.0,0.0,1.46,3.0,0.0,2.0,0.0,0.0,2.333,4.39,32.222,220.222,7.778,0.0,13.92
M.Pittman,IND,,0.0,0.0,21.27,21.22,6.69,0.0,18.0,6.0,6.706,4.706,0.0,0.0,0.0,0.0,0.0,46.647,11.841
M.Rudolph,PIT,QB,0.0,0.0,0.0,0.0,0.43,1.0,0.0,0.0,0.0,0.0,1.0,0.98,13.5,77.5,1.5,0.0,4.75
M.Rudolph,PIT,,0.0,0.0,0.0,0.0,0.43,1.0,0.0,0.0,0.0,0.0,3.0,0.74,0.0,0.0,0.0,0.0,0.0
M.Sanders,DAL,,0.0,0.0,1.31,-0.28,2.41,6.0,1.0,1.0,2.0,2.0,5.0,4.3,0.0,0.0,29.25,7.5,7.175
M.Stafford,LA,QB,0.0,0.0,0.0,0.0,2.33,7.0,0.0,3.0,0.0,0.0,1.706,6.24,36.471,276.882,0.059,0.0,21.434
M.Taylor,NYJ,,0.0,0.0,13.84,11.65,5.03,0.0,9.0,2.0,5.077,3.385,0.0,0.0,0.0,0.0,0.0,28.385,6.685
M.Tinsley,CIN,,0.0,0.0,3.93,7.75,2.28,0.0,5.0,0.0,3.0,1.0,0.0,0.0,0.0,0.0,0.0,14.5,3.95
M.Tipton,NO,,0.0,0.0,3.0,3.19,1.06,0.0,2.0,0.0,2.833,1.833,0.667,0.92,0.0,0.0,3.0,12.667,3.4
M.Trubisky,BUF,QB,0.0,0.0,0.0,0.0,0.0,0.0,0.0,0.0,0.0,0.0,2.667,1.46,12.333,104.333,0.667,0.0,9.573
M.Trubisky,BUF,,0.0,0.0,0.0,0.0,0.0,0.0,0.0,0.0,0.0,0.0,1.0,0.18,0.0,0.0,4.0,0.0,0.4
M.Turner,SF,,0.0,0.0,0.18,-0.12,0.0,,,,1.0,0.0,0.0,0.0,0.0,0.0,0.0,0.0,0.0
M.Valdes-Scantling,PIT,,0.0,0.0,4.01,8.4,2.15,0.0,5.0,0.0,4.2,2.0,0.0,0.0,0.0,0.0,0.0,16.0,4.8
M.Valdes-Scantling,SF,,0.0,0.0,1.44,2.13,0.0,,,,2.0,1.0,0.0,0.0,0.0,0.0,0.0,10.0,2.0
M.Washington,MIA,,0.0,0.0,13.98,10.21,6.97,3.0,11.0,3.0,3.824,2.706,1.0,3.94,0.0,0.0,6.471,18.647,6.629
M.Willis,GB,QB,0.0,0.0,0.0,0.0,2.05,5.0,0.0,1.0,0.0,0.0,5.5,4.47,9.5,105.5,30.75,0.0,13.295
M.Wilson,ARI,,0.0,0.0,10.81,19.17,4.7,0.0,11.0,1.0,9.571,5.286,0.0,0.0,0.0,0.0,0.0,78.143,18.243
Mi.Wilson,ARI,,0.0,0.0,9.68,14.58,2.56,0.0,6.0,0.0,5.455,3.727,0.0,0.0,0.0,0.0,0.0,41.727,8.445
N.Adkins,DEN,,0.0,0.0,1.87,0.8,0.81,0.0,2.0,0.0,1.833,1.0,0.0,0.0,0.0,0.0,0.0,8.0,2.8
N.Brown,WAS,,0.0,0.0,2.29,3.87,0.92,0.0,2.0,0.0,2.5,1.25,0.0,0.0,0.0,0.0,0.0,20.75,3.325
N.Carter,ATL,,0.0,0.0,0.0,0.0,0.0,,,,0.0,0.0,4.5,1.88,0.0,0.0,30.0,0.0,3.0
N.Chubb,HOU,,0.0,0.0,3.59,0.33,6.17,13.0,2.0,6.0,1.333,0.867,8.133,25.63,0.0,0.0,33.733,4.467,5.887
N.Collins,HOU,,0.0,0.0,21.72,33.28,8.23,1.0,19.0,8.0,8.067,4.733,0.133,0.42,0.0,0.0,1.0,74.467,15.08
N.Fant,CIN,,0.0,0.0,6.71,3.0,1.83,0.0,4.0,3.0,3.154,2.615,0.0,0.0,0.0,0.0,0.0,22.154,6.215
N.Gray,KC,,0.0,0.0,6.88,5.56,1.19,0.0,3.0,2.0,2.923,1.615,0.0,0.0,0.0,0.0,0.0,13.692,2.985
N.Harris,LAC,,0.0,0.0,0.55,0.23,0.41,1.0,0.0,0.0,1.0,1.0,5.0,3.21,0.0,0.0,20.333,8.333,3.867
N.Kallerup,SEA,,0.0,0.0,0.22,0.22,0.38,0.0,1.0,0.0,1.0,0.0,0.0,0.0,0.0,0.0,0.0,0.0,0.0
N.Miller-Hines,LAC,,0.0,0.0,0.0,0.0,0.0,,,,0.0,0.0,2.0,0.43,0.0,0.0,-2.0,0.0,-0.2
N.Mullens,JAX,QB,0.0,0.0,0.0,0.0,0.0,0.0,0.0,0.0,0.0,0.0,3.0,1.22,1.5,9.5,-1.5,0.0,0.23
N.Mullens,JAX,,0.0,0.0,0.0,0.0,0.0,0.0,0.0,0.0,0.0,0.0,3.0,1.22,0.0,0.0,-2.5,0.0,-0.25
N.Remigio,KC,,0.0,0.0,0.18,0.42,0.0,,,,0.5,0.5,0.5,0.23,0.0,0.0,5.5,10.5,2.1
N.Westbrook-Ikhine,MIA,,0.0,0.0,4.3,3.33,1.0,0.0,2.0,0.0,2.222,1.222,0.0,0.0,0.0,0.0,0.0,9.889,2.211
O.Gadsden,LAC,,0.0,0.0,12.68,14.16,6.2,0.0,15.0,1.0,4.6,3.267,0.0,0.0,0.0,0.0,0.0,44.267,8.893
O.Gordon,MIA,,0.0,0.0,1.94,-0.76,10.45,19.0,2.0,6.0,0.562,0.438,4.375,16.2,0.0,0.0,12.438,2.0,3.381
O.Hampton,LAC,,0.0,0.0,6.43,-1.23,11.57,26.0,2.0,9.0,3.889,3.556,13.778,26.55,0.0,0.0,60.556,21.333,15.078
O.Wright,TB,,0.0,0.0,0.0,0.0,0.0,,,,0.0,0.0,3.0,0.63,0.0,0.0,6.0,0.0,0.6
O.Zaccheaus,CHI,,0.0,0.0,12.31,10.19,5.2,0.0,13.0,2.0,4.714,2.786,0.286,0.79,0.0,0.0,1.786,22.357,6.057
P.Brown,ARI,,0.0,0.0,0.32,0.02,0.43,0.0,1.0,1.0,2.0,2.0,0.0,0.0,0.0,0.0,0.0,1.0,2.1
P.Bryant,DEN,,0.0,0.0,8.32,9.36,3.23,0.0,8.0,1.0,4.083,2.583,0.0,0.0,0.0,0.0,0.0,31.5,6.233
P.Durham,TB,,0.0,0.0,0.73,0.37,0.46,0.0,1.0,0.0,1.0,0.25,0.0,0.0,0.0,0.0,0.0,2.75,0.525
P.Freiermuth,PIT,,0.0,0.0,10.31,10.2,3.86,0.0,9.0,2.0,3.6,2.733,0.0,0.0,0.0,0.0,0.0,32.4,7.573
P.Mafah,DAL,,0.0,0.0,0.33,-0.22,0.34,1.0,0.0,1.0,2.0,2.0,5.0,1.08,0.0,0.0,18.0,11.0,10.9
P.Mahomes,KC,QB,0.0,0.0,0.18,-0.19,5.93,15.0,0.0,2.0,0.071,0.071,4.571,14.88,38.5,256.214,30.143,-0.714,20.906
P.Nacua,LA,,0.0,0.0,28.57,29.57,5.98,1.0,17.0,4.0,10.375,8.062,0.625,2.15,0.0,0.0,6.562,107.188,23.562
P.Ricard,BAL,,0.0,0.0,0.49,0.18,0.0,,,,0.667,0.333,0.333,0.2,0.0,0.0,1.0,2.667,0.7
P.Rivers,IND,QB,0.0,0.0,0.0,0.0,0.0,0.0,0.0,0.0,0.0,0.0,0.667,0.45,32.333,181.333,-0.333,0.0,11.553
P.Washington,JAX,,0.0,0.0,17.67,24.33,5.88,1.0,16.0,4.0,6.467,3.867,0.467,1.43,0.0,0.0,0.0,56.467,11.513
Q.Ewers,MIA,QB,0.0,0.0,0.22,-0.18,0.5,0.0,1.0,1.0,0.25,0.25,2.0,1.85,22.75,155.5,4.75,-1.5,9.045
Q.Johnston,LAC,,0.0,0.0,15.44,22.44,6.2,0.0,15.0,2.0,6.462,3.923,0.154,0.43,0.0,0.0,0.538,56.538,13.323
Q.Judkins,CLE,QB,0.0,0.0,0.57,0.08,19.21,33.0,1.0,12.0,3.0,1.0,14.0,3.31,1.0,0.0,26.0,58.0,9.4
Q.Judkins,CLE,,0.0,0.0,6.3,-0.5,19.21,33.0,1.0,12.0,2.538,1.923,16.692,51.3,0.0,0.0,61.615,8.692,12.185
Q.Morris,JAX,,0.0,0.0,1.64,0.92,0.69,0.0,2.0,1.0,1.8,1.2,0.0,0.0,0.0,0.0,0.0,11.0,3.5
Q.Skinner,NYJ,,0.0,0.0,0.42,0.12,0.56,0.0,1.0,1.0,2.0,1.0,0.0,0.0,0.0,0.0,0.0,10.0,2.0
R.Ali,BAL,,0.0,0.0,2.69,-0.03,1.16,2.0,1.0,0.0,1.375,1.125,0.875,1.38,0.0,0.0,3.0,8.5,3.025
R.Bateman,BAL,,0.0,0.0,9.54,13.86,3.49,0.0,9.0,2.0,3.0,1.462,0.0,0.0,0.0,0.0,0.0,17.231,4.108
R.Bell,NO,,0.0,0.0,0.71,1.67,1.06,0.0,2.0,0.0,4.0,2.0,0.0,0.0,0.0,0.0,0.0,23.0,10.3
R.Chosen,WAS,,0.0,0.0,2.06,3.49,0.0,,,,3.0,1.667,0.0,0.0,0.0,0.0,0.0,17.667,3.433
R.Davis,BUF,,0.0,0.0,2.87,0.03,4.3,7.0,5.0,5.0,1.077,0.769,4.462,10.6,0.0,0.0,21.154,6.615,4.469
R.Doubs,GB,,0.0,0.0,18.61,26.54,7.38,0.0,18.0,6.0,5.375,3.438,0.0,0.0,0.0,0.0,0.0,45.25,10.212
R.Dowdle,CAR,,0.0,0.0,10.37,-1.6,19.32,35.0,5.0,9.0,2.941,2.294,13.941,51.19,0.0,0.0,63.294,17.471,12.841
R.Dwelley,DET,,0.0,0.0,0.91,0.03,1.08,0.0,3.0,2.0,1.667,0.667,0.0,0.0,0.0,0.0,0.0,2.333,0.9
R.Flournoy,DAL,,0.0,0.0,9.18,9.46,2.41,0.0,7.0,4.0,4.308,3.077,0.308,0.86,0.0,0.0,1.923,36.538,8.769
R.Gilliam,BUF,,0.0,0.0,0.61,0.63,0.72,1.0,1.0,2.0,1.0,0.667,0.667,0.37,0.0,0.0,1.333,8.0,1.6
R.Harvey,DEN,QB,0.0,0.0,0.51,-0.05,16.13,29.0,11.0,13.0,3.0,3.0,11.0,2.41,1.0,0.0,30.0,20.0,8.0
R.Harvey,DEN,,0.0,0.0,9.34,0.68,16.13,29.0,11.0,13.0,3.438,2.75,8.5,29.76,0.0,0.0,31.875,21.0,12.538
R.Johnson,CHI,,0.0,0.0,0.0,0.0,0.0,,,,0.0,0.0,1.0,0.39,0.0,0.0,8.5,0.0,0.85
R.Leonard,IND,QB,0.0,0.0,0.0,0.0,0.74,2.0,0.0,1.0,0.0,0.0,1.2,1.35,14.0,83.0,5.4,0.0,7.26
R.McCloud,ATL,,0.0,0.0,2.68,1.89,0.49,0.0,1.0,0.0,3.5,1.5,0.0,0.0,0.0,0.0,0.0,16.0,3.1
R.McCloud,NYG,,0.0,0.0,0.2,0.12,0.0,,,,1.0,1.0,0.0,0.0,0.0,0.0,0.0,5.0,1.5
R.Miller,TB,,0.0,0.0,0.73,1.61,0.46,0.0,1.0,0.0,1.0,0.5,0.0,0.0,0.0,0.0,0.0,8.5,2.85
R.Mostert,LV,,0.0,0.0,2.42,-0.5,3.09,4.0,1.0,0.0,1.0,1.0,1.833,5.95,0.0,0.0,8.667,5.833,2.45
R.Odunze,CHI,,0.0,0.0,16.98,27.6,5.2,0.0,13.0,5.0,7.583,3.667,0.0,0.0,0.0,0.0,0.0,55.083,12.175
R.Pearsall,SF,,0.0,0.0,9.57,18.11,1.44,0.0,4.0,0.0,5.889,4.0,0.222,0.42,0.0,0.0,-0.222,58.667,9.844
R.Rice,KC,,0.0,0.0,14.31,7.86,8.7,3.0,19.0,10.0,9.875,6.625,0.625,1.16,0.0,0.0,2.5,71.375,18.512
R.Rivers,LA,,0.0,0.0,0.0,0.0,0.0,,,,0.0,0.0,4.5,1.94,0.0,0.0,23.0,0.0,2.3
R.Sanchez,IND,QB,0.0,0.0,0.0,0.0,0.0,,,,0.0,0.0,0.0,0.0,1.0,16.0,0.0,0.0,0.64
R.Sanders,CLE,,0.0,0.0,0.76,0.39,3.95,7.0,0.0,4.0,1.0,0.75,6.75,6.38,0.0,0.0,23.0,5.25,5.075
R.Shaheed,NO,,0.0,0.0,11.66,15.99,4.23,1.0,7.0,2.0,7.333,4.889,0.222,0.46,0.0,0.0,0.556,55.444,11.822
R.Shaheed,SEA,,0.0,0.0,5.69,8.33,0.77,0.0,2.0,0.0,2.889,1.667,0.778,1.38,0.0,0.0,7.111,20.889,4.467
R.Stevenson,NE,,0.0,0.0,7.87,3.55,12.6,27.0,6.0,13.0,2.714,2.286,9.357,26.41,0.0,0.0,43.071,24.643,12.914
R.Thomas,IND,,0.0,0.0,0.0,0.0,0.0,,,,0.0,0.0,1.0,0.23,0.0,0.0,3.0,0.0,0.3
R.Tonyan,KC,,0.0,0.0,0.18,0.02,0.0,,,,1.0,1.0,0.0,0.0,0.0,0.0,0.0,1.0,1.1
R.White,TB,,0.0,0.0,8.26,-2.35,13.3,19.0,10.0,9.0,2.647,2.353,7.824,28.06,0.0,0.0,33.647,12.824,8.412
R.Wilson,NYG,QB,0.0,0.0,0.0,0.0,2.68,7.0,0.0,1.0,0.0,0.0,3.0,3.52,21.5,138.5,17.667,0.0,8.807
R.Wilson,PIT,,0.0,0.0,4.01,8.75,0.43,0.0,1.0,0.0,2.333,1.333,0.0,0.0,0.0,0.0,0.0,18.444,4.511
S.Anderson,PIT,,0.0,0.0,0.19,0.0,0.0,,,,1.0,1.0,0.0,0.0,0.0,0.0,0.0,4.0,1.4
S.Barkley,PHI,,0.0,0.0,10.94,0.74,24.41,44.0,8.0,17.0,3.188,2.312,17.562,58.66,0.0,0.0,71.25,17.062,14.519
S.Buechele,KC,QB,0.0,0.0,0.0,0.0,0.0,0.0,0.0,0.0,0.0,0.0,1.0,0.23,19.0,88.0,4.0,0.0,3.92
S.Cannella,CLE,,0.0,0.0,0.95,1.53,0.0,,,,2.5,1.0,0.0,0.0,0.0,0.0,0.0,5.5,1.55
S.Darnold,SEA,QB,0.0,0.0,0.0,0.0,2.31,6.0,0.0,2.0,0.0,0.0,2.059,6.89,29.765,238.118,5.588,0.0,15.142
S.Diggs,NE,,0.0,0.0,21.12,19.46,4.58,0.0,12.0,4.0,6.0,5.0,0.0,0.0,0.0,0.0,0.0,59.588,12.371
S.Jackson,LV,,0.0,0.0,1.01,2.53,0.0,,,,1.667,1.333,0.333,0.27,0.0,0.0,1.0,18.667,5.3
S.LaPorta,DET,,0.0,0.0,8.91,7.54,2.16,0.0,6.0,1.0,5.444,4.444,0.0,0.0,0.0,0.0,0.0,54.333,11.878
S.Matlock,LAC,,0.0,0.0,0.74,0.0,0.41,0.0,1.0,1.0,1.333,1.333,0.0,0.0,0.0,0.0,0.0,4.0,3.733
S.Miller,PIT,,0.0,0.0,2.67,2.34,0.86,0.0,2.0,0.0,2.8,1.8,0.0,0.0,0.0,0.0,0.0,12.4,3.04
S.Moore,SF,,0.0,0.0,1.26,2.66,0.0,,,,0.778,0.556,0.222,0.42,0.0,0.0,1.222,9.667,1.644
S.Perine,CIN,,0.0,0.0,3.44,-0.7,7.76,16.0,1.0,4.0,1.5,1.214,6.0,21.99,0.0,0.0,27.286,6.214,5.85
S.Rattler,NO,QB,0.0,0.0,0.35,0.09,3.17,5.0,1.0,2.0,0.222,0.111,3.556,7.32,30.556,176.222,18.556,0.0,12.016
S.Sanders,CLE,QB,0.0,0.0,0.0,0.0,1.13,2.0,0.0,1.0,0.0,0.0,2.75,5.2,29.375,175.0,21.125,0.0,12.112
S.Shepard,TB,,0.0,0.0,9.91,10.45,3.67,0.0,8.0,2.0,4.154,3.0,0.308,0.84,0.0,0.0,1.462,28.538,6.462
S.Sims,ARI,,0.0,0.0,0.16,0.04,0.0,,,,1.0,0.0,0.0,0.0,0.0,0.0,0.0,0.0,0.0
S.Smartt,NYJ,,0.0,0.0,1.89,1.31,0.0,,,,3.0,2.333,0.0,0.0,0.0,0.0,0.0,17.333,4.067
S.Toure,NO,,0.0,0.0,0.53,0.64,0.53,0.0,1.0,0.0,3.0,1.0,0.0,0.0,0.0,0.0,0.0,3.0,1.3
S.Tucker,TB,,0.0,0.0,2.02,-0.23,11.01,21.0,3.0,12.0,0.786,0.571,6.143,18.14,0.0,0.0,22.857,2.429,6.529
S.Vaki,DET,,0.0,0.0,0.0,0.0,0.0,,,,0.0,0.0,1.0,0.23,0.0,0.0,4.0,0.0,0.4
S.Williams,GB,,0.0,0.0,2.16,0.42,2.05,1.0,4.0,0.0,0.909,0.909,1.0,2.24,0.0,0.0,3.364,7.091,2.5
S.Zylstra,DET,,0.0,0.0,0.91,1.01,0.36,0.0,1.0,1.0,5.0,3.0,0.0,0.0,0.0,0.0,0.0,20.0,5.0
T.Allgeier,ATL,,0.0,0.0,3.07,-0.62,16.1,32.0,1.0,10.0,0.941,0.824,8.412,29.92,0.0,0.0,30.235,5.647,7.235
T.Atwell,LA,,0.0,0.0,2.58,5.7,0.33,0.0,1.0,0.0,1.875,0.75,0.0,0.0,0.0,0.0,0.0,24.0,3.9
T.Badie,DEN,,0.0,0.0,5.26,-1.0,2.42,2.0,4.0,1.0,2.214,1.357,0.571,1.75,0.0,0.0,1.643,10.071,2.529
T.Bagent,CHI,QB,0.0,0.0,0.0,0.0,0.0,,,,0.0,0.0,1.0,0.39,2.0,23.5,3.5,0.0,1.29
T.Benson,ARI,,0.0,0.0,2.58,-0.49,2.14,3.0,2.0,1.0,4.0,3.25,7.25,7.9,0.0,0.0,40.0,16.0,8.85
T.Bigsby,JAX,,0.0,0.0,0.0,0.0,0.35,1.0,0.0,0.0,0.0,0.0,5.0,1.02,0.0,0.0,12.0,0.0,1.2
T.Bigsby,PHI,,0.0,0.0,0.86,-0.14,8.45,17.0,1.0,6.0,0.4,0.3,5.8,12.11,0.0,0.0,34.4,3.2,5.26
T.Bridgewater,TB,QB,0.0,0.0,0.0,0.0,0.0,0.0,0.0,0.0,0.0,0.0,1.0,0.21,17.0,62.0,6.0,0.0,3.08
T.Bridgewater,TB,,0.0,0.0,0.0,0.0,0.0,0.0,0.0,0.0,0.0,0.0,1.0,0.42,0.0,0.0,-1.0,0.0,-0.1
T.Brooks,CIN,,0.0,0.0,0.33,-0.11,0.0,,,,0.333,0.167,2.667,4.19,0.0,0.0,7.5,1.5,1.067
T.Burks,WAS,QB,0.0,0.0,0.46,0.29,1.83,0.0,4.0,3.0,2.0,1.0,0.0,0.0,1.0,0.0,0.0,11.0,2.1
T.Burks,WAS,,0.0,0.0,4.59,7.6,1.83,0.0,4.0,3.0,2.857,1.286,0.0,0.0,0.0,0.0,0.0,17.0,3.843
T.Chandler,MIN,,0.0,0.0,0.85,-0.54,1.42,1.0,2.0,1.0,2.0,1.5,8.5,4.15,0.0,0.0,23.5,5.5,4.4
T.Conklin,LAC,,0.0,0.0,1.84,1.02,0.0,,,,1.667,1.167,0.167,0.21,0.0,0.0,0.333,16.833,2.883
T.Conner,MIA,,0.0,0.0,3.23,3.61,1.49,0.0,3.0,0.0,2.143,1.286,0.0,0.0,0.0,0.0,0.0,13.0,2.586
T.Etienne,CAR,,0.0,0.0,0.62,0.06,1.93,4.0,0.0,1.0,0.375,0.375,2.5,4.32,0.0,0.0,11.75,1.625,1.712
T.Etienne,JAX,,0.0,0.0,9.47,-1.56,22.15,54.0,10.0,13.0,3.059,2.118,15.294,52.95,0.0,0.0,65.118,17.176,14.935
T.Felton,MIN,,0.0,0.0,0.64,0.3,0.0,,,,1.0,1.0,0.0,0.0,0.0,0.0,0.0,8.333,1.833
T.Ferguson,LA,,0.0,0.0,4.3,8.8,1.33,1.0,3.0,1.0,2.273,1.0,0.091,0.22,0.0,0.0,0.0,21.0,4.736
T.Fisk,LAC,,0.0,0.0,0.74,0.5,0.0,,,,1.0,0.5,0.0,0.0,0.0,0.0,0.0,4.75,0.975
T.Franklin,DEN,,0.0,0.0,18.17,30.15,8.47,0.0,21.0,7.0,6.294,3.824,0.294,1.09,0.0,0.0,0.706,41.706,10.182
T.Goodson,IND,,0.0,0.0,0.56,-0.07,0.37,0.0,1.0,1.0,0.429,0.286,1.286,2.03,0.0,0.0,3.429,1.143,0.743
T.Harris,LAC,,0.0,0.0,7.9,9.03,2.48,1.0,5.0,0.0,2.688,1.875,0.125,0.43,0.0,0.0,0.625,20.25,4.338
T.Henderson,NE,,0.0,0.0,8.7,-0.02,15.27,36.0,4.0,9.0,2.471,2.059,10.588,36.29,0.0,0.0,53.588,13.0,12.247
T.Higbee,LA,,0.0,0.0,6.2,2.23,2.66,0.0,8.0,1.0,4.0,2.778,0.0,0.0,0.0,0.0,0.0,31.222,7.9
T.Higgins,CIN,,0.0,0.0,16.2,28.78,7.31,0.0,16.0,5.0,6.6,3.933,0.0,0.0,0.0,0.0,0.0,56.4,13.973
T.Hill,MIA,,0.0,0.0,6.24,12.09,1.0,0.0,2.0,1.0,7.25,5.25,0.0,0.0,0.0,0.0,0.0,66.25,13.375
T.Hill,NO,QB,0.0,0.0,1.24,0.68,6.88,13.0,0.0,3.0,1.4,0.8,7.8,8.92,1.2,11.4,21.6,7.2,4.936
T.Hill,NO,,0.0,0.0,1.59,0.47,6.88,13.0,0.0,3.0,1.125,0.875,1.625,2.97,0.0,0.0,0.75,6.875,2.388
T.Hockenson,MIN,,0.0,0.0,13.98,8.83,5.69,1.0,11.0,2.0,4.4,3.4,0.067,0.24,0.0,0.0,0.0,29.2,7.52
T.Homer,CHI,,0.0,0.0,0.0,0.0,0.0,,,,0.0,0.0,1.0,0.2,0.0,0.0,-2.0,0.0,-0.2
T.Horton,SEA,,0.0,0.0,4.81,9.21,1.54,0.0,4.0,1.0,3.143,1.857,0.0,0.0,0.0,0.0,0.0,23.0,8.443
T.Hudson,CIN,,0.0,0.0,3.93,2.61,2.74,0.0,6.0,1.0,2.4,1.9,0.0,0.0,0.0,0.0,0.0,16.8,4.78
T.Hunter,JAX,,0.0,0.0,8.2,7.26,2.08,1.0,5.0,0.0,6.429,4.0,0.143,0.2,0.0,0.0,0.0,42.571,9.114
T.Huntley,BAL,QB,0.0,0.0,0.0,0.0,2.71,7.0,0.0,0.0,0.0,0.0,5.25,4.14,18.75,106.5,38.5,0.0,10.11
T.Huntley,BAL,,0.0,0.0,0.0,0.0,2.71,7.0,0.0,0.0,0.0,0.0,3.0,0.59,0.0,0.0,-3.0,0.0,-0.3
T.Jennings,NE,,0.0,0.0,0.21,0.04,1.53,4.0,0.0,2.0,0.2,0.2,4.6,4.64,0.0,0.0,14.6,1.8,3.04
T.Johnson,NYG,,0.0,0.0,14.62,14.29,5.36,0.0,14.0,3.0,4.933,3.0,0.0,0.0,0.0,0.0,0.0,35.2,8.52
T.Johnson,NYJ,,0.0,0.0,3.77,6.53,1.68,0.0,3.0,0.0,2.0,1.333,0.0,0.0,0.0,0.0,0.0,21.889,4.189
T.Johnson,TB,,0.0,0.0,8.07,11.9,4.13,2.0,7.0,0.0,2.933,1.867,0.467,1.48,0.0,0.0,1.467,21.467,6.16
T.Jones,JAX,,0.0,0.0,0.18,0.08,0.0,,,,1.0,1.0,0.0,0.0,0.0,0.0,0.0,15.0,2.5
T.Kelce,KC,,0.0,0.0,19.75,17.1,5.53,1.0,13.0,5.0,6.412,4.471,0.059,0.23,0.0,0.0,0.059,50.059,11.247
T.Kennedy,DET,,0.0,0.0,0.73,0.87,0.0,,,,4.0,4.0,0.0,0.0,0.0,0.0,0.0,36.0,7.6
T.Kraft,GB,,0.0,0.0,9.52,4.92,4.92,0.0,12.0,0.0,5.5,4.0,0.125,0.2,0.0,0.0,0.375,61.125,14.65
T.Lance,LAC,QB,0.0,0.0,0.0,0.0,0.0,0.0,0.0,0.0,0.0,0.0,4.25,3.64,15.75,56.5,21.25,0.0,4.135
T.Lawrence,JAX,QB,0.0,0.0,0.0,0.0,8.3,24.0,0.0,11.0,0.0,0.0,4.882,16.9,35.471,235.706,21.118,0.0,20.834
T.Lockett,LV,,0.0,0.0,7.06,8.32,1.85,0.0,3.0,2.0,3.5,2.2,0.0,0.0,0.0,0.0,0.0,22.1,5.01
T.Lockett,TEN,,0.0,0.0,3.96,4.08,0.0,,,,3.0,1.429,0.0,0.0,0.0,0.0,0.0,10.0,2.429
T.Martin,WAS,,0.0,0.0,0.46,0.48,0.0,,,,1.0,1.0,0.0,0.0,0.0,0.0,0.0,11.5,2.15
T.McBride,ARI,,0.0,0.0,27.42,25.3,14.53,0.0,34.0,6.0,10.0,7.412,0.0,0.0,0.0,0.0,0.0,72.882,18.582
T.McKee,PHI,QB,0.0,0.0,0.0,0.0,0.0,0.0,0.0,0.0,0.0,0.0,1.5,0.63,23.0,137.0,6.0,0.0,7.58
T.McKee,PHI,,0.0,0.0,0.0,0.0,0.0,0.0,0.0,0.0,0.0,0.0,2.5,1.04,0.0,0.0,-2.0,0.0,-0.2
T.McLaurin,WAS,,0.0,0.0,13.76,22.37,3.67,0.0,8.0,3.0,6.0,3.8,0.0,0.0,0.0,0.0,0.0,58.2,11.42
T.McMillan,CAR,,0.0,0.0,25.31,43.26,7.25,0.0,15.0,3.0,7.176,4.118,0.0,0.0,0.0,0.0,0.0,59.588,12.547
T.Patrick,JAX,,0.0,0.0,4.37,5.29,3.11,0.0,9.0,1.0,1.846,1.154,0.0,0.0,0.0,0.0,0.0,14.385,3.977
T.Penning,LAC,,0.0,0.0,0.18,0.11,0.41,0.0,1.0,1.0,1.0,0.0,0.0,0.0,0.0,0.0,0.0,0.0,0.0
T.Pollard,TEN,,0.0,0.0,7.74,0.31,13.16,19.0,1.0,4.0,2.412,1.941,14.235,64.02,0.0,0.0,63.647,12.118,11.282
T.Reiman,ARI,,0.0,0.0,0.81,0.58,0.0,,,,1.667,1.0,0.0,0.0,0.0,0.0,0.0,6.0,1.6
T.Shavers,BUF,,0.0,0.0,4.71,8.53,0.0,,,,2.3,1.5,0.0,0.0,0.0,0.0,0.0,24.5,4.55
T.Sherfield,ARI,,0.0,0.0,0.16,0.13,0.43,0.0,1.0,0.0,1.0,0.0,0.0,0.0,0.0,0.0,0.0,0.0,0.0
T.Sherfield,DEN,,0.0,0.0,0.68,0.89,0.4,0.0,1.0,0.0,1.333,1.0,0.0,0.0,0.0,0.0,0.0,7.0,1.7
T.Shough,NO,QB,0.0,0.0,0.0,0.0,7.41,14.0,0.0,6.0,0.0,0.0,4.182,10.53,32.636,216.727,16.909,0.0,15.087
T.Spears,TEN,,0.0,0.0,9.43,-2.93,11.18,10.0,7.0,2.0,3.846,3.462,5.538,19.05,0.0,0.0,21.769,20.308,8.592
T.Tagovailoa,MIA,QB,0.0,0.0,0.0,0.0,1.0,2.0,0.0,0.0,0.0,0.0,1.429,4.63,29.786,190.0,3.071,0.0,12.55
T.Taylor,NYJ,QB,0.0,0.0,0.0,0.0,1.68,3.0,0.0,0.0,0.0,0.0,4.5,5.88,24.667,129.833,23.833,0.0,11.077
T.Thornton,KC,,0.0,0.0,6.7,23.15,1.58,0.0,4.0,2.0,3.364,1.727,0.0,0.0,0.0,0.0,0.0,39.818,7.345
T.Tracy,NYG,,0.0,0.0,9.49,0.44,9.96,21.0,5.0,2.0,3.2,2.4,11.733,34.38,0.0,0.0,49.333,19.2,10.853
T.Tremble,CAR,,0.0,0.0,7.68,5.0,2.42,0.0,5.0,0.0,2.467,1.8,0.0,0.0,0.0,0.0,0.0,16.6,4.26
T.Tucker,LV,,0.0,0.0,18.55,29.23,6.79,1.0,10.0,1.0,5.412,3.353,0.647,2.97,0.0,0.0,3.0,40.941,9.512
T.Wallace,BAL,,0.0,0.0,1.96,3.17,0.78,0.0,2.0,0.0,1.333,0.667,0.0,0.0,0.0,0.0,0.0,7.5,2.417
T.Warren,IND,QB,0.0,0.0,0.93,0.77,10.04,4.0,23.0,9.0,5.0,4.0,0.0,0.0,1.0,0.0,0.0,44.0,14.4
T.Warren,IND,,0.0,0.0,20.34,13.31,10.04,4.0,23.0,9.0,6.812,4.5,0.375,1.35,0.0,0.0,0.5,48.312,10.881
T.Washington,MIA,,0.0,0.0,1.08,3.76,0.5,0.0,1.0,0.0,2.5,1.5,0.0,0.0,0.0,0.0,0.0,18.5,3.35
T.Wease,MIA,,0.0,0.0,2.15,4.15,0.5,0.0,1.0,0.0,3.333,2.0,0.0,0.0,0.0,0.0,0.0,46.333,8.633
T.Williams,CLE,,0.0,0.0,1.53,-0.92,1.13,0.0,2.0,0.0,2.0,1.75,1.75,1.65,0.0,0.0,9.25,13.75,4.05
T.Williams,LAC,,0.0,0.0,0.18,-0.02,0.0,,,,1.0,1.0,3.0,0.64,0.0,0.0,-1.0,0.0,0.9
T.Wirfs,TB,,0.0,0.0,0.18,0.02,0.46,0.0,1.0,1.0,1.0,1.0,0.0,0.0,0.0,0.0,0.0,2.0,7.2
Ty.Johnson,BUF,,0.0,0.0,6.76,-1.12,8.24,19.0,4.0,6.0,1.941,1.412,2.941,9.14,0.0,0.0,11.765,13.588,5.712
U.Bentley,IND,,0.0,0.0,0.0,0.0,0.0,,,,0.0,0.0,1.0,0.23,0.0,0.0,0.0,0.0,0.0
V.Jefferson,TEN,,0.0,0.0,9.81,15.88,1.97,0.0,3.0,1.0,3.714,2.071,0.0,0.0,0.0,0.0,0.0,25.0,5.0
V.Jones,SEA,,0.0,0.0,0.0,0.0,0.0,,,,0.0,0.0,4.0,0.79,0.0,0.0,32.0,0.0,3.2
W.Dissly,LAC,,0.0,0.0,2.94,1.63,0.41,0.0,1.0,0.0,2.0,1.375,0.0,0.0,0.0,0.0,0.0,12.125,2.588
W.Mallory,IND,,0.0,0.0,0.19,0.37,0.0,,,,1.0,1.0,0.0,0.0,0.0,0.0,0.0,16.0,2.6
W.Marks,HOU,,0.0,0.0,6.46,1.68,16.87,33.0,8.0,11.0,2.25,1.5,12.25,41.18,0.0,0.0,43.938,13.0,9.069
W.Robinson,NYG,,0.0,0.0,27.87,27.53,5.36,0.0,14.0,6.0,8.812,5.75,0.188,0.59,0.0,0.0,0.312,63.375,13.619
W.Shipley,PHI,,0.0,0.0,2.58,-0.24,0.47,0.0,1.0,0.0,1.091,0.818,1.273,2.92,0.0,0.0,4.455,5.091,1.773
X.Gipson,PHI,,0.0,0.0,0.43,-0.21,0.47,0.0,1.0,0.0,1.0,1.0,0.0,0.0,0.0,0.0,0.0,3.0,1.3
X.Hutchinson,HOU,,0.0,0.0,10.23,12.71,3.29,1.0,7.0,3.0,3.562,2.188,0.188,0.63,0.0,0.0,1.375,26.75,6.125
X.Legette,CAR,,0.0,0.0,13.28,19.42,5.8,0.0,12.0,2.0,4.267,2.333,0.067,0.22,0.0,0.0,0.0,24.2,5.953
X.Restrepo,TEN,,0.0,0.0,1.32,1.96,0.66,0.0,1.0,0.0,3.5,1.5,0.0,0.0,0.0,0.0,0.0,20.5,3.55
X.Smith,LA,,0.0,0.0,4.13,7.65,1.0,0.0,3.0,0.0,2.4,1.8,0.0,0.0,0.0,0.0,0.0,30.3,4.83
X.Weaver,ARI,,0.0,0.0,2.1,4.31,1.28,0.0,3.0,0.0,2.167,1.167,0.0,0.0,0.0,0.0,0.0,11.167,2.283
X.Worthy,KC,,0.0,0.0,13.22,21.96,2.37,0.0,6.0,1.0,5.214,3.0,0.786,2.56,0.0,0.0,6.214,38.0,7.85
Z.Charbonnet,SEA,,0.0,0.0,5.25,1.09,21.15,52.0,3.0,20.0,1.5,1.25,11.562,36.42,0.0,0.0,45.625,9.0,11.212
Z.Ertz,WAS,,0.0,0.0,16.74,17.49,4.13,0.0,9.0,4.0,5.615,3.846,0.0,0.0,0.0,0.0,0.0,38.769,9.569
Z.Flowers,BAL,,0.0,0.0,29.1,35.66,5.04,1.0,12.0,2.0,7.0,5.059,0.588,1.97,0.0,0.0,3.647,71.235,14.665
Z.Jones,ARI,,0.0,0.0,2.9,5.42,0.85,0.0,2.0,1.0,3.0,2.0,0.0,0.0,0.0,0.0,0.0,30.5,5.05
Z.Knight,ARI,,0.0,0.0,5.0,0.83,9.83,17.0,6.0,9.0,3.1,2.2,8.3,22.62,0.0,0.0,26.9,16.0,9.49
Z.Mitchell-Paden,BAL,,0.0,0.0,0.49,0.12,0.39,0.0,1.0,1.0,1.0,0.5,0.0,0.0,0.0,0.0,0.0,1.5,0.65
Z.Mitchell-Paden,NO,,0.0,0.0,0.18,0.19,0.0,,,,1.0,1.0,0.0,0.0,0.0,0.0,0.0,14.0,2.4
Z.Scott,MIN,,0.0,0.0,3.39,0.46,2.84,3.0,3.0,1.0,1.778,1.556,3.556,7.8,0.0,0.0,12.667,10.889,4.578
Z.White,LV,,0.0,0.0,1.21,-0.09,0.0,,,,1.2,0.8,2.4,3.24,0.0,0.0,6.4,4.8,1.92
Z.Wilson,MIA,QB,0.0,0.0,0.0,0.0,0.0,,,,0.0,0.0,0.333,0.23,3.667,10.667,1.0,0.0,0.527
Z.Wilson,MIA,,0.0,0.0,0.0,0.0,0.0,,,,0.0,0.0,2.0,0.46,0.0,0.0,-2.0,0.0,-0.2
