team,player,red_zone_carries,red_zone_targets,red_zone_pass_attempts,goal_line_touches,red_zone_touch_share
ARI,C.Kiner,2,1,0,0,1.28
ARI,E.Demercado,5,4,0,1,3.85
ARI,G.Dortch,3,7,0,1,4.27
ARI,J.Brissett,5,0,96,3,2.14
ARI,J.Conner,5,1,0,4,2.56
ARI,K.Murray,4,0,21,1,1.71
ARI,M.Carter,8,7,0,3,6.41
ARI,T.Benson,3,2,0,1,2.14
ARI,Z.Knight,17,6,0,9,9.83
ATL,B.Robinson,36,13,0,12,23.9
ATL,K.Cousins,1,0,37,1,0.49
ATL,M.Penix,3,0,33,2,1.46
ATL,T.Allgeier,32,1,0,10,16.1
BAL,D.Henry,63,2,1,27,25.19
BAL,J.Hill,3,1,0,1,1.55
BAL,K.Mitchell,14,0,0,0,5.43
BAL,L.Jackson,13,0,53,1,5.04
BAL,M.Andrews,3,15,0,10,6.98
BAL,R.Ali,2,1,0,0,1.16
BAL,T.Huntley,7,0,16,0,2.71
BAL,Z.Flowers,1,12,0,2,5.04
BUF,E.Moore,1,0,0,1,0.36
BUF,J.Allen,33,0,77,17,11.83
BUF,J.Cook,56,3,0,17,21.15
BUF,R.Davis,7,5,0,5,4.3
BUF,R.Gilliam,1,1,0,2,0.72
BUF,Ty.Johnson,19,4,0,6,8.24
CAR,B.Young,11,0,75,2,5.31
CAR,C.Hubbard,19,6,0,5,12.08
CAR,D.Dallas,1,0,0,0,0.48
CAR,R.Dowdle,35,5,0,9,19.32
CAR,T.Etienne,4,0,0,1,1.93
CHI,C.Loveland,1,15,0,5,6.4
CHI,C.Williams,20,1,82,3,8.4
CHI,D.Moore,2,11,1,5,5.2
CHI,D.Swift,40,1,0,14,16.4
CHI,K.Monangai,38,3,0,12,16.4
CIN,C.Brown,37,12,0,17,22.37
CIN,J.Browning,2,0,12,1,0.91
CIN,J.Burrow,2,0,44,1,0.91
CIN,J.Flacco,5,0,36,1,2.28
CIN,S.Perine,16,1,0,4,7.76
CLE,D.Gabriel,2,0,35,0,1.13
CLE,D.Sampson,7,6,0,0,7.34
CLE,H.Fannin,2,11,0,4,7.34
CLE,J.Flacco,2,0,15,2,1.13
CLE,J.Ford,4,6,0,3,5.65
CLE,M.Corley,2,1,0,1,1.69
CLE,Q.Judkins,33,1,1,12,19.21
CLE,R.Sanders,7,0,0,4,3.95
CLE,S.Sanders,2,0,17,1,1.13
DAL,D.Prescott,12,0,111,7,4.12
DAL,H.Luepke,1,4,0,1,1.72
DAL,J.Blue,7,0,0,1,2.41
DAL,J.Milton,1,0,2,1,0.34
DAL,J.Williams,54,12,0,24,22.68
DAL,M.Davis,8,0,0,2,2.75
DAL,M.Sanders,6,1,0,1,2.41
DAL,P.Mafah,1,0,0,1,0.34
DEN,A.Prentice,2,2,0,2,1.61
DEN,B.Nix,17,1,95,1,7.26
DEN,J.Dobbins,20,0,0,7,8.06
DEN,J.McLaughlin,5,0,0,1,2.02
DEN,M.Mims,2,3,0,0,2.02
DEN,R.Harvey,29,11,1,13,16.13
DEN,T.Badie,2,4,0,1,2.42
DET,A.St. Brown,1,35,0,9,12.95
DET,D.Montgomery,35,2,2,17,13.31
DET,J.Gibbs,52,15,0,12,24.1
DET,J.Goff,3,0,99,0,1.08
DET,J.Williams,1,9,0,1,3.6
GB,C.Brooks,3,3,0,0,2.46
GB,C.Watson,1,6,0,2,2.87
GB,E.Wilson,24,3,0,5,11.07
GB,J.Jacobs,52,6,0,20,23.77
GB,J.Love,6,0,68,2,2.46
GB,M.Golden,2,2,0,0,1.64
GB,M.Willis,5,0,8,1,2.05
GB,S.Williams,1,4,0,0,2.05
HOU,B.Brooks,2,0,0,2,0.82
HOU,C.Stover,3,3,0,0,2.47
HOU,C.Stroud,8,0,61,2,3.29
HOU,D.Mills,3,0,30,2,1.23
HOU,D.Ogunbowale,6,3,0,3,3.7
HOU,D.Pierce,1,0,0,0,0.41
HOU,J.Jordan,5,0,0,1,2.06
HOU,J.Noel,2,5,0,2,2.88
HOU,N.Chubb,13,2,0,6,6.17
HOU,N.Collins,1,19,0,8,8.23
HOU,W.Marks,33,8,0,11,16.87
HOU,X.Hutchinson,1,7,0,3,3.29
IND,A.Abdullah,3,1,0,1,1.49
IND,A.Dulin,2,1,0,0,1.12
IND,D.Giddens,5,1,0,1,2.23
IND,D.Jones,16,0,66,6,5.95
IND,J.Taylor,71,5,0,25,28.25
IND,R.Leonard,2,0,17,1,0.74
IND,T.Warren,4,23,1,9,10.04
JAX,B.Thomas,1,7,0,1,2.77
JAX,B.Tuten,26,2,0,8,9.69
JAX,D.Brown,1,9,0,1,3.46
JAX,J.Meyers,2,9,0,3,3.81
JAX,L.Allen,4,2,0,1,2.08
JAX,P.Washington,1,16,0,4,5.88
JAX,T.Bigsby,1,0,0,0,0.35
JAX,T.Etienne,54,10,0,13,22.15
JAX,T.Hunter,1,5,0,0,2.08
JAX,T.Lawrence,24,0,92,11,8.3
KC,B.Smith,10,7,0,3,6.72
KC,C.Oladokun,1,0,5,0,0.4
KC,I.Pacheco,20,4,0,1,9.49
KC,K.Hunt,38,5,0,16,17.0
KC,P.Mahomes,15,0,93,2,5.93
KC,R.Rice,3,19,0,10,8.7
KC,T.Kelce,1,13,0,5,5.53
LA,B.Corum,27,1,0,13,9.3
LA,J.Whittington,1,1,0,0,0.66
LA,K.Williams,53,10,0,18,20.93
LA,M.Stafford,7,0,113,3,2.33
LA,P.Nacua,1,17,0,4,5.98
LA,T.Ferguson,1,3,0,1,1.33
LAC,H.Haskins,2,0,0,0,0.83
LAC,J.Herbert,14,0,89,4,5.79
LAC,J.Patterson,6,0,0,2,2.48
LAC,K.Vidal,26,6,0,7,13.22
LAC,N.Harris,1,0,0,0,0.41
LAC,O.Hampton,26,2,0,9,11.57
LAC,T.Harris,1,5,0,0,2.48
LV,A.Jeanty,35,10,0,12,27.78
LV,G.Smith,7,0,66,2,4.32
LV,R.Mostert,4,1,0,0,3.09
LV,T.Tucker,1,10,0,1,6.79
MIA,A.Ingold,1,0,0,0,0.5
MIA,D.Achane,32,11,0,6,21.39
MIA,G.Dulcich,1,7,0,2,3.98
MIA,J.Wright,12,0,0,4,5.97
MIA,M.Washington,3,11,0,3,6.97
MIA,O.Gordon,19,2,0,6,10.45
MIA,T.Tagovailoa,2,0,62,0,1.0
MIN,A.Jones,14,5,0,3,9.0
MIN,C.Ham,2,0,0,2,0.95
MIN,C.Wentz,2,0,39,0,0.95
MIN,J.Mason,29,1,0,7,14.22
MIN,J.McCarthy,6,0,44,1,2.84
MIN,T.Chandler,1,2,0,1,1.42
MIN,T.Hockenson,1,11,0,2,5.69
MIN,Z.Scott,3,3,0,1,2.84
NE,A.Gibson,4,0,0,2,1.53
NE,D.Douglas,1,7,0,2,3.05
NE,D.Johnson,1,0,0,1,0.38
NE,D.Maye,22,0,83,4,8.4
NE,R.Stevenson,27,6,0,13,12.6
NE,T.Henderson,36,4,0,9,15.27
NE,T.Jennings,4,0,0,2,1.53
NO,A.Estime,6,0,0,3,3.17
NO,A.Kamara,15,5,0,2,10.58
NO,D.Neal,5,1,0,2,3.17
NO,E.Hull,3,0,0,0,1.59
NO,K.Miller,5,0,0,0,2.65
NO,R.Shaheed,1,7,0,2,4.23
NO,S.Rattler,5,1,32,2,3.17
NO,T.Hill,13,0,2,3,6.88
NO,T.Shough,14,0,28,6,7.41
NYG,C.Skattebo,24,4,0,10,10.73
NYG,D.Singletary,22,2,1,11,9.2
NYG,J.Dart,22,0,56,7,8.43
NYG,J.Winston,2,0,10,1,0.77
NYG,R.Wilson,7,0,20,1,2.68
NYG,T.Tracy,21,5,0,2,9.96
NYJ,A.Beck,1,2,0,2,1.68
NYJ,B.Allen,7,2,0,2,5.03
NYJ,B.Hall,24,9,1,5,18.44
NYJ,I.Davis,9,2,0,1,6.15
NYJ,J.Fields,13,1,30,5,7.82
NYJ,K.Herbert,3,1,0,0,2.23
NYJ,K.Nwangwu,3,0,0,2,1.68
NYJ,T.Taylor,3,0,15,0,1.68
PHI,A.Dillon,2,1,0,0,1.41
PHI,J.Hurts,27,0,56,12,12.68
PHI,S.Barkley,44,8,0,17,24.41
PHI,T.Bigsby,17,1,0,6,8.45
PIT,A.Rodgers,3,0,81,2,1.29
PIT,Co.Heyward,6,2,0,4,3.43
PIT,D.Metcalf,1,13,0,6,6.01
PIT,J.Smith,2,8,0,3,4.29
PIT,J.Warren,40,5,0,15,19.31
PIT,K.Gainwell,23,17,0,10,17.17
PIT,K.Johnson,4,0,0,0,1.72
PIT,M.Rudolph,1,0,5,0,0.43
SEA,A.Barner,3,13,0,4,6.15
SEA,G.Holani,5,0,0,0,1.92
SEA,K.Walker,34,3,0,8,14.23
SEA,S.Darnold,6,0,73,2,2.31
SEA,Z.Charbonnet,52,3,0,20,21.15
SF,B.Purdy,7,0,60,2,2.52
SF,B.Robinson,13,4,0,3,6.12
SF,C.McCaffrey,75,25,1,24,35.97
SF,G.Kittle,1,13,0,3,5.04
SF,K.Juszczyk,1,5,0,3,2.16
SF,M.Jones,3,0,43,1,1.08
TB,B.Irving,18,4,0,0,10.09
TB,B.Mayfield,9,0,76,1,4.13
TB,E.Egbuka,1,15,0,4,7.34
TB,J.McMillan,1,1,0,0,0.92
TB,R.White,19,10,0,9,13.3
TB,S.Tucker,21,3,0,12,11.01
TB,T.Johnson,2,7,0,0,4.13
TEN,C.Dike,2,14,0,5,10.53
TEN,C.Ward,10,0,59,2,6.58
TEN,J.Chestnut,4,0,0,2,2.63
TEN,T.Pollard,19,1,0,4,13.16
TEN,T.Spears,10,7,0,2,11.18
WAS,A.Ekeler,2,0,0,0,0.92
WAS,C.Rodriguez,33,1,0,14,15.6
WAS,D.Samuel,4,13,0,5,7.8
WAS,J.Croskey-Merritt,32,1,0,13,15.14
WAS,J.Daniels,7,0,26,3,3.21
WAS,J.Johnson,2,0,6,1,0.92
WAS,J.McNichols,6,3,0,3,4.13
WAS,M.Mariota,8,0,33,3,3.67
ARI,A.Baccellia,0,2,0,0,0.85
ARI,E.Higgins,0,5,0,1,2.14
ARI,J.Deguara,0,1,0,0,0.43
ARI,M.Harrison,0,11,0,4,4.7
ARI,M.Wilson,0,11,0,1,4.7
ARI,Mi.Wilson,0,6,0,0,2.56
ARI,P.Brown,0,1,0,1,0.43
ARI,T.McBride,0,34,0,6,14.53
ARI,T.Sherfield,0,1,0,0,0.43
ARI,X.Weaver,0,3,0,0,1.28
ARI,Z.Jones,0,2,0,1,0.85
ATL,C.Woerner,0,1,0,0,0.49
ATL,D.Drummond,0,4,0,2,1.95
ATL,D.London,0,16,0,6,7.8
ATL,D.Mooney,0,8,0,1,3.9
ATL,D.Sills,0,6,0,0,2.93
ATL,J.Matthews,0,1,0,1,0.49
ATL,K.Pitts,0,13,0,2,6.34
ATL,R.McCloud,0,1,0,0,0.49
BAL,C.Kolar,0,3,0,1,1.16
BAL,D.Hopkins,0,3,0,1,1.16
BAL,D.Walker,0,1,0,1,0.39
BAL,I.Likely,0,6,0,2,2.33
BAL,R.Bateman,0,9,0,2,3.49
BAL,T.Wallace,0,2,0,0,0.78
BAL,Z.Mitchell-Paden,0,1,0,1,0.39
BUF,C.Samuel,0,1,0,0,0.36
BUF,D.Kincaid,0,9,0,2,3.23
BUF,D.Knox,0,13,0,6,4.66
BUF,G.Davis,0,6,0,2,2.15
BUF,J.Hawes,0,3,0,2,1.08
BUF,J.Palmer,0,6,0,1,2.15
BUF,K.Coleman,0,12,0,6,4.3
BUF,K.Shakir,0,15,0,3,5.38
CAR,B.Tremayne,0,1,0,0,0.48
CAR,H.Renfrow,0,6,0,2,2.9
CAR,J.Coker,0,5,0,2,2.42
CAR,J.Sanders,0,10,0,0,4.83
CAR,Ji.Horn,0,3,0,0,1.45
CAR,M.Evans,0,4,0,3,1.93
CAR,T.McMillan,0,15,0,3,7.25
CAR,T.Tremble,0,5,0,0,2.42
CAR,X.Legette,0,12,0,2,5.8
CHI,C.Kmet,0,7,0,1,2.8
CHI,D.Duvernay,0,1,0,1,0.4
CHI,J.Walker,0,2,0,1,0.8
CHI,L.Burden,0,4,0,0,1.6
CHI,O.Zaccheaus,0,13,0,2,5.2
CHI,R.Odunze,0,13,0,5,5.2
CIN,A.Iosivas,0,7,0,3,3.2
CIN,D.Sample,0,1,0,1,0.46
CIN,J.Chase,0,22,0,2,10.05
CIN,M.Gesicki,0,8,0,4,3.65
CIN,M.Tinsley,0,5,0,0,2.28
CIN,N.Fant,0,4,0,3,1.83
CIN,T.Higgins,0,16,0,5,7.31
CIN,T.Hudson,0,6,0,1,2.74
CLE,B.Bates,0,1,0,1,0.56
CLE,C.Tillman,0,4,0,1,2.26
CLE,D.Njoku,0,9,0,1,5.08
CLE,G.Larvadain,0,1,0,1,0.56
CLE,I.Bond,0,4,0,1,2.26
CLE,J.Jeudy,0,9,0,0,5.08
CLE,J.Thrash,0,1,0,0,0.56
CLE,L.Wypler,0,1,0,1,0.56
CLE,T.Williams,0,2,0,0,1.13
DAL,B.Spann-Ford,0,2,0,1,0.69
DAL,C.Lamb,0,17,0,4,5.84
DAL,G.Pickens,0,24,0,7,8.25
DAL,J.Ferguson,0,25,0,9,8.59
DAL,J.Tolbert,0,5,0,2,1.72
DAL,K.Turpin,0,5,0,0,1.72
DAL,L.Schoonmaker,0,2,0,0,0.69
DAL,R.Flournoy,0,7,0,4,2.41
DEN,A.Trautman,0,1,0,1,0.4
DEN,C.Sutton,0,20,0,6,8.06
DEN,E.Engram,0,11,0,1,4.44
DEN,G.Bolles,0,1,0,1,0.4
DEN,L.Humphrey,0,2,0,1,0.81
DEN,M.Bandy,0,1,0,0,0.4
DEN,N.Adkins,0,2,0,0,0.81
DEN,P.Bryant,0,8,0,1,3.23
DEN,T.Franklin,0,21,0,7,8.47
DEN,T.Sherfield,0,1,0,0,0.4
DET,A.Firkser,0,3,0,0,1.08
DET,B.Wright,0,2,0,1,0.72
DET,G.Ricci,0,1,0,1,0.36
DET,I.TeSlaa,0,11,0,2,3.96
DET,K.Raymond,0,2,0,0,0.72
DET,R.Dwelley,0,3,0,2,1.08
DET,S.LaPorta,0,6,0,1,2.16
DET,S.Zylstra,0,1,0,1,0.36
GB,D.Dabney,0,1,0,0,0.41
GB,D.Wicks,0,4,0,1,1.64
GB,J.FitzPatrick,0,4,0,1,1.64
GB,J.Reed,0,4,0,0,1.64
GB,J.Whyle,0,1,0,1,0.41
GB,L.Musgrave,0,1,0,0,0.41
GB,R.Doubs,0,18,0,6,7.38
GB,T.Kraft,0,12,0,0,4.92
HOU,B.Berrios,0,2,0,0,0.82
HOU,C.Kirk,0,7,0,3,2.88
HOU,D.Schultz,0,12,0,5,4.94
HOU,J.Higgins,0,9,0,2,3.7
HOU,J.Watson,0,2,0,0,0.82
IND,A.Ogletree,0,2,0,1,0.74
IND,A.Pierce,0,9,0,1,3.35
IND,B.Raimann,0,1,0,1,0.37
IND,J.Downs,0,15,0,2,5.58
IND,M.Alie-Cox,0,6,0,1,2.23
IND,M.Pittman,0,18,0,6,6.69
IND,T.Goodson,0,1,0,1,0.37
JAX,A.Trammell,0,1,0,0,0.35
JAX,B.Strange,0,10,0,1,3.46
JAX,H.Long,0,4,0,1,1.38
JAX,J.Mundt,0,1,0,0,0.35
JAX,Q.Morris,0,2,0,1,0.69
JAX,T.Patrick,0,9,0,1,3.11
KC,J.Brownlee,0,1,0,0,0.4
KC,J.Smith-Schuster,0,9,0,2,3.56
KC,M.Brown,0,10,0,1,3.95
KC,N.Gray,0,3,0,2,1.19
KC,T.Thornton,0,4,0,2,1.58
KC,X.Worthy,0,6,0,1,2.37
LA,C.Parkinson,0,22,0,2,7.31
LA,D.Adams,0,32,0,16,10.63
LA,D.Allen,0,7,0,3,2.33
LA,K.Mumpfield,0,4,0,1,1.33
LA,T.Atwell,0,1,0,0,0.33
LA,T.Higbee,0,8,0,1,2.66
LA,X.Smith,0,3,0,0,1.0
LAC,K.Allen,0,16,0,3,6.61
LAC,K.Lambert-Smith,0,2,0,0,0.83
LAC,L.McConkey,0,15,0,4,6.2
LAC,O.Gadsden,0,15,0,1,6.2
LAC,Q.Johnston,0,15,0,2,6.2
LAC,S.Matlock,0,1,0,1,0.41
LAC,T.Penning,0,1,0,1,0.41
LAC,W.Dissly,0,1,0,0,0.41
LV,A.Cappa,0,1,0,1,0.62
LV,A.Okwuegbunam,0,1,0,0,0.62
LV,B.Bowers,0,18,0,3,11.11
LV,D.Thornton,0,2,0,0,1.23
LV,J.Bech,0,4,0,0,2.47
LV,J.Meyers,0,6,0,0,3.7
LV,M.Mayer,0,6,0,1,3.7
LV,T.Lockett,0,3,0,2,1.85
MIA,C.Wilson,0,3,0,0,1.49
MIA,D.Waller,0,8,0,3,3.98
MIA,J.Hill,0,4,0,1,1.99
MIA,J.Waddle,0,11,0,4,5.47
MIA,N.Westbrook-Ikhine,0,2,0,0,1.0
MIA,Q.Ewers,0,1,11,1,0.5
MIA,T.Conner,0,3,0,0,1.49
MIA,T.Hill,0,2,0,1,1.0
MIA,T.Washington,0,1,0,0,0.5
MIA,T.Wease,0,1,0,0,0.5
MIN,A.Thielen,0,2,0,1,0.95
MIN,B.Sims,0,1,0,0,0.47
MIN,J.Addison,0,13,0,3,6.16
MIN,J.Jefferson,0,19,0,6,9.0
MIN,J.Nailor,0,13,0,5,6.16
MIN,J.Oliver,0,7,0,1,3.32
NE,A.Hooper,0,5,0,3,1.91
NE,E.Chism,0,1,0,0,0.38
NE,H.Henry,0,22,0,6,8.4
NE,K.Boutte,0,4,0,2,1.53
NE,M.Hollins,0,5,0,2,1.91
NE,S.Diggs,0,12,0,4,4.58
NO,B.Cooks,0,1,0,0,0.53
NO,C.Olave,0,15,1,2,7.94
NO,D.Vele,0,5,0,3,2.65
NO,F.Moreau,0,1,0,0,0.53
NO,J.Johnson,0,8,0,0,4.23
NO,J.Stoll,0,1,0,0,0.53
NO,K.Austin,0,2,0,0,1.06
NO,M.Tipton,0,2,0,0,1.06
NO,R.Bell,0,2,0,0,1.06
NO,S.Toure,0,1,0,0,0.53
NYG,B.Collins,0,1,0,0,0.38
NYG,C.Manhertz,0,1,0,0,0.38
NYG,D.Bellinger,0,6,0,0,2.3
NYG,D.Slayton,0,8,0,2,3.07
NYG,G.Olszewski,0,2,1,0,0.77
NYG,I.Hodgins,0,4,0,0,1.53
NYG,J.Hyatt,0,1,0,0,0.38
NYG,L.Humphrey,0,2,0,1,0.77
NYG,M.Nabers,0,4,0,2,1.53
NYG,T.Johnson,0,14,0,3,5.36
NYG,W.Robinson,0,14,0,6,5.36
NYJ,A.Lazard,0,6,0,3,3.35
NYJ,A.Mitchell,0,8,0,0,4.47
NYJ,G.Wilson,0,5,0,1,2.79
NYJ,I.Williams,0,1,1,0,0.56
NYJ,J.Metchie,0,5,0,0,2.79
NYJ,J.Reynolds,0,2,0,1,1.12
NYJ,J.Ruckert,0,3,0,1,1.68
NYJ,J.Woods,0,1,0,0,0.56
NYJ,M.Taylor,0,9,0,2,5.03
NYJ,Q.Skinner,0,1,0,1,0.56
NYJ,T.Johnson,0,3,0,0,1.68
PHI,A.Brown,0,13,0,2,6.1
PHI,D.Goedert,0,15,0,8,7.04
PHI,D.Smith,0,12,0,3,5.63
PHI,G.Calcaterra,0,3,0,0,1.41
PHI,J.Dotson,0,5,0,0,2.35
PHI,K.Granson,0,1,0,0,0.47
PHI,W.Shipley,0,1,0,0,0.47
PHI,X.Gipson,0,1,0,0,0.47
PIT,A.Thielen,0,2,0,0,0.86
PIT,B.Skowronek,0,1,0,0,0.43
PIT,C.Austin,0,4,0,0,1.72
PIT,D.Washington,0,9,0,4,3.86
PIT,M.Valdes-Scantling,0,5,0,0,2.15
PIT,P.Freiermuth,0,9,0,2,3.86
PIT,R.Wilson,0,1,0,0,0.43
PIT,S.Miller,0,2,0,0,0.86
SEA,C.Kupp,0,13,0,3,5.0
SEA,E.Arroyo,0,5,0,1,1.92
SEA,E.Saubert,0,4,0,1,1.54
SEA,J.Smith-Njigba,0,17,0,3,6.54
SEA,N.Kallerup,0,1,0,0,0.38
SEA,R.Shaheed,0,2,0,0,0.77
SEA,T.Horton,0,4,0,1,1.54
SF,D.Robinson,0,4,0,2,1.44
SF,J.Jennings,0,22,0,8,7.91
SF,J.Tonges,0,7,0,3,2.52
SF,K.Bourne,0,2,0,0,0.72
SF,L.Farrell,0,4,0,1,1.44
SF,R.Pearsall,0,4,0,0,1.44
TB,C.Godwin,0,8,0,3,3.67
TB,C.Otton,0,7,0,1,3.21
TB,D.Culp,0,1,0,0,0.46
TB,M.Evans,0,9,0,5,4.13
TB,P.Durham,0,1,0,0,0.46
TB,R.Miller,0,1,0,0,0.46
TB,S.Shepard,0,8,0,2,3.67
TB,T.Wirfs,0,1,0,1,0.46
TEN,C.Okonkwo,0,5,0,0,3.29
TEN,C.Ridley,0,2,0,0,1.32
TEN,D.Martin-Robinson,0,1,0,1,0.66
TEN,E.Ayomanor,0,8,0,1,5.26
TEN,G.Helm,0,8,0,1,5.26
TEN,J.Simmons,0,1,0,1,0.66
TEN,V.Jefferson,0,3,0,1,1.97
TEN,X.Restrepo,0,1,0,0,0.66
WAS,B.Sinnott,0,1,0,1,0.46
WAS,C.Moore,0,2,0,0,0.92
WAS,J.Bates,0,2,0,2,0.92
WAS,J.Lane,0,2,0,0,0.92
WAS,L.McCaffrey,0,3,0,2,1.38
WAS,N.Brown,0,2,0,0,0.92
WAS,T.Burks,0,4,0,3,1.83
WAS,T.McLaurin,0,8,0,3,3.67
WAS,Z.Ertz,0,9,0,4,4.13
BAL,C.Rush,0,0,1,0,0.0
BUF,M.Trubisky,0,0,11,0,0.0
CAR,A.Dalton,0,0,7,0,0.0
GB,C.Tune,0,0,1,0,0.0
IND,P.Rivers,0,0,8,0,0.0
JAX,N.Mullens,0,0,1,0,0.0
KC,S.Buechele,0,0,3,0,0.0
LA,J.Karty,0,0,1,0,0.0
LAC,T.Lance,0,0,4,0,0.0
LV,A.O'Connell,0,0,2,0,0.0
LV,K.Pickett,0,0,2,0,0.0
MIN,M.Brosmer,0,0,9,0,0.0
NYJ,B.Cook,0,0,20,0,0.0
PHI,T.McKee,0,0,8,0,0.0
TB,T.Bridgewater,0,0,7,0,0.0
