player,team,position,games_played,pass_attempts_pg,completions_pg,passing_yards_pg,passing_tds_pg,interceptions_pg,rush_attempts_pg,rushing_yards_pg,snap_share,red_zone_pass_attempts,fantasy_points_pg
A.Dalton,CAR,QB,3,15.0,8.333,97.667,0.333,0.333,1.333,-0.333,0.0,7.0,4.873
A.McNamara,NYJ,QB,1,1.0,1.0,3.0,0.0,0.0,0.0,0.0,0.0,,0.12
A.O'Connell,LV,QB,1,23.0,10.0,102.0,0.0,0.0,1.0,7.0,0.0,2.0,4.78
A.Richardson,IND,QB,1,2.0,1.0,9.0,0.0,0.0,0.0,0.0,0.0,,2.26
A.Rodgers,PIT,QB,16,33.062,20.438,207.625,1.5,0.438,1.312,3.812,0.0,81.0,14.63
B.Allen,TEN,QB,1,31.0,17.0,72.0,0.0,1.0,0.0,0.0,0.0,,1.88
B.Cook,NYJ,QB,5,34.6,17.6,147.8,0.4,1.4,2.6,9.8,0.0,20.0,7.092
B.Hall,NYJ,QB,1,1.0,1.0,4.0,1.0,0.0,18.0,133.0,0.0,1.0,32.86
B.Mayfield,TB,QB,17,34.412,20.176,217.235,1.529,0.647,3.235,22.471,0.0,76.0,16.76
B.Nix,DEN,QB,17,37.588,22.824,231.235,1.471,0.647,4.882,20.941,0.0,95.0,18.344
B.Purdy,SF,QB,9,33.111,21.889,240.778,2.222,1.111,3.667,16.333,0.0,60.0,21.042
B.Rypien,CIN,QB,1,1.0,0.0,0.0,0.0,0.0,0.0,0.0,0.0,,0.0
B.Young,CAR,QB,16,31.75,19.0,188.188,1.438,0.688,3.375,13.5,0.0,75.0,14.69
C.Akers,MIN,QB,1,1.0,1.0,32.0,1.0,0.0,0.0,0.0,0.0,,5.28
C.Bojorquez,CLE,QB,1,1.0,0.0,0.0,0.0,0.0,0.0,0.0,0.0,,0.0
C.Kmet,CHI,QB,1,1.0,0.0,0.0,0.0,0.0,0.0,0.0,0.0,0.0,2.0
C.Kupp,SEA,QB,1,1.0,0.0,0.0,0.0,1.0,0.0,0.0,0.0,0.0,3.2
C.McCaffrey,SF,QB,1,1.0,0.0,0.0,0.0,0.0,20.0,53.0,0.0,1.0,17.4
C.Oladokun,KC,QB,3,21.0,11.667,78.333,0.333,0.0,1.667,6.0,0.0,5.0,5.067
C.Olave,NO,QB,1,1.0,0.0,0.0,0.0,1.0,0.0,0.0,0.0,1.0,10.0
C.Rush,BAL,QB,3,17.667,11.333,101.0,0.0,1.333,0.333,0.0,0.0,1.0,2.707
C.Stroud,HOU,QB,14,32.071,19.5,217.214,1.357,0.571,3.429,14.929,0.0,61.0,15.467
C.Sutton,DEN,QB,1,1.0,0.0,0.0,0.0,0.0,0.0,0.0,0.0,0.0,5.4
C.Tune,GB,QB,2,10.0,3.5,21.0,0.0,0.5,2.5,11.5,0.0,1.0,1.49
C.Ward,TEN,QB,17,35.0,19.0,186.412,0.882,0.412,2.294,9.353,0.0,59.0,12.215
C.Wentz,MIN,QB,5,37.8,22.0,243.2,1.2,1.0,2.2,11.4,0.0,39.0,14.668
C.Williams,CHI,QB,17,35.059,19.412,231.882,1.588,0.412,4.529,22.529,0.0,82.0,19.128
D.Gabriel,CLE,QB,10,20.5,11.0,93.7,0.7,0.2,1.4,8.6,0.0,35.0,7.208
D.Henry,BAL,QB,1,1.0,0.0,0.0,0.0,0.0,12.0,50.0,0.0,1.0,12.7
D.Jones,IND,QB,13,31.615,20.077,238.538,1.462,0.615,3.462,12.385,0.0,66.0,18.318
D.Lock,SEA,QB,1,3.0,2.0,15.0,0.0,0.0,1.0,-1.0,0.0,,0.5
D.Maye,NE,QB,17,31.765,20.824,258.471,1.824,0.471,6.118,26.471,0.0,83.0,21.292
D.Mills,HOU,QB,6,28.167,15.167,152.5,0.833,0.167,2.333,10.0,0.0,30.0,11.267
D.Montgomery,DET,QB,3,1.0,0.333,1.0,0.333,0.0,11.333,46.333,0.0,2.0,12.507
D.Moore,CHI,QB,1,1.0,1.0,2.0,1.0,0.0,1.0,17.0,0.0,1.0,22.98
D.Prescott,DAL,QB,17,37.294,23.765,267.765,1.765,0.588,3.118,10.412,0.0,111.0,18.928
D.Singletary,NYG,QB,1,1.0,0.0,0.0,0.0,0.0,9.0,26.0,0.0,1.0,8.6
G.Minshew,KC,QB,2,6.5,3.0,18.5,0.0,0.5,0.5,4.0,0.0,,0.64
G.Olszewski,NYG,QB,2,1.0,0.5,16.5,0.5,0.0,0.0,0.0,0.0,1.0,11.76
G.Smith,LV,QB,15,33.667,20.133,201.667,1.267,1.133,2.733,7.267,0.0,66.0,12.727
I.Williams,NYJ,QB,1,1.0,0.0,0.0,0.0,0.0,1.0,4.0,0.0,1.0,1.6
J.Allen,BUF,QB,16,31.688,19.938,229.25,1.562,0.625,7.0,36.188,0.0,77.0,23.664
J.Brissett,ARI,QB,13,40.846,24.231,258.923,1.769,0.615,2.846,12.769,0.0,96.0,18.557
J.Browning,CIN,QB,5,26.8,16.2,154.2,1.2,1.6,1.8,7.8,0.0,12.0,11.348
J.Burrow,CIN,QB,8,34.75,21.625,226.125,2.125,0.625,1.75,5.125,0.0,44.0,17.432
J.Daniels,WAS,QB,7,29.571,16.286,180.286,1.143,0.429,8.429,39.714,0.0,26.0,17.04
J.Dart,NYG,QB,12,31.333,18.0,189.333,1.25,0.417,7.0,40.583,0.0,56.0,20.715
J.Dobbs,NE,QB,4,2.5,1.75,16.25,0.0,0.0,2.5,-1.25,0.0,,0.525
J.Fields,NYJ,QB,9,26.111,14.222,139.889,0.778,0.111,8.111,42.556,0.0,30.0,15.518
J.Flacco,CIN,QB,8,33.375,19.75,208.0,1.625,0.5,1.75,2.5,0.0,36.0,15.32
J.Flacco,CLE,QB,4,42.25,23.25,203.75,0.5,1.5,1.5,3.25,0.0,15.0,8.975
J.Goff,DET,QB,17,36.235,23.118,268.471,2.0,0.471,1.118,2.647,0.0,99.0,18.533
J.Herbert,LAC,QB,16,35.375,21.25,232.938,1.625,0.812,5.25,31.125,0.0,89.0,18.868
J.Hurts,PHI,QB,16,30.5,18.375,201.5,1.562,0.375,6.562,26.312,0.0,56.0,19.566
J.Johnson,WAS,QB,3,18.667,11.333,124.0,0.333,0.667,4.0,18.333,0.0,6.0,9.46
J.Karty,LA,QB,1,1.0,0.0,0.0,0.0,0.0,0.0,0.0,0.0,1.0,0.0
J.Love,GB,QB,15,30.8,19.4,225.4,1.533,0.4,3.133,13.267,0.0,68.0,16.076
J.McCarthy,MIN,QB,10,27.3,14.0,163.2,1.1,1.2,3.7,18.1,0.0,44.0,13.938
J.Milton,DAL,QB,4,6.0,3.75,45.75,0.25,0.5,1.25,12.5,0.0,2.0,3.58
J.Waddle,MIA,QB,1,1.0,1.0,8.0,0.0,0.0,0.0,0.0,0.0,0.0,15.82
J.Winston,NYG,QB,3,23.0,12.333,189.0,0.667,0.667,2.333,7.667,0.0,10.0,15.76
K.Allen,DET,QB,1,2.0,0.0,0.0,0.0,0.0,1.0,-1.0,0.0,,-0.1
K.Cousins,ATL,QB,10,28.4,16.6,172.1,1.0,0.5,1.4,0.7,0.0,37.0,11.054
K.Murray,ARI,QB,5,35.4,22.0,192.4,1.2,0.6,5.8,34.6,0.0,21.0,16.556
K.Pickett,LV,QB,6,8.833,4.667,31.333,0.167,0.333,0.833,3.667,0.0,2.0,1.953
K.Slovis,ARI,QB,2,1.0,0.5,-1.0,0.0,0.0,0.0,0.0,0.0,,-0.04
L.Jackson,BAL,QB,13,26.154,14.769,196.077,1.615,0.538,5.154,26.846,0.0,53.0,17.374
M.Brosmer,MIN,QB,6,14.167,7.833,54.667,0.0,0.667,1.0,2.0,0.0,9.0,1.72
M.Haack,ARI,QB,1,1.0,1.0,28.0,0.0,0.0,0.0,0.0,0.0,,1.12
M.Jones,SF,QB,8,38.375,25.125,268.875,1.625,0.75,3.5,8.0,0.0,43.0,17.305
M.Mapu,NE,QB,1,1.0,0.0,0.0,0.0,0.0,0.0,0.0,0.0,,0.0
M.Mariota,WAS,QB,10,24.6,13.9,169.5,1.0,0.7,5.0,29.7,0.0,33.0,13.65
M.Penix,ATL,QB,9,32.222,18.444,220.222,1.0,0.333,2.333,7.778,0.0,33.0,13.92
M.Rudolph,PIT,QB,4,13.5,9.5,77.5,0.5,0.5,1.0,1.5,0.0,5.0,4.75
M.Stafford,LA,QB,17,36.471,22.824,276.882,2.706,0.471,1.706,0.059,0.0,113.0,21.434
M.Trubisky,BUF,QB,3,12.333,8.333,104.333,1.333,0.0,2.667,0.667,0.0,11.0,9.573
M.Willis,GB,QB,4,9.5,7.5,105.5,0.75,0.0,5.5,30.75,0.0,8.0,13.295
N.Mullens,JAX,QB,2,1.5,1.5,9.5,0.0,0.0,3.0,-1.5,0.0,1.0,0.23
P.Mahomes,KC,QB,14,38.5,22.5,256.214,1.571,0.786,4.571,30.143,0.0,93.0,20.906
P.Rivers,IND,QB,3,32.333,19.333,181.333,1.333,1.0,0.667,-0.333,0.0,8.0,11.553
Q.Ewers,MIA,QB,4,22.75,13.75,155.5,0.75,0.75,2.0,4.75,0.0,11.0,9.045
Q.Judkins,CLE,QB,1,1.0,0.0,0.0,0.0,0.0,14.0,26.0,0.0,1.0,9.4
R.Harvey,DEN,QB,1,1.0,0.0,0.0,0.0,0.0,11.0,30.0,0.0,1.0,8.0
R.Leonard,IND,QB,5,14.0,7.8,83.0,0.4,0.6,1.2,5.4,0.0,17.0,7.26
R.Sanchez,IND,QB,1,1.0,1.0,16.0,0.0,0.0,0.0,0.0,0.0,,0.64
R.Wilson,NYG,QB,6,21.5,11.5,138.5,0.5,0.5,3.0,17.667,0.0,20.0,8.807
S.Buechele,KC,QB,1,19.0,7.0,88.0,0.0,0.0,1.0,4.0,0.0,3.0,3.92
S.Darnold,SEA,QB,17,29.765,19.0,238.118,1.471,0.824,2.059,5.588,0.0,73.0,15.142
S.Rattler,NO,QB,9,30.556,19.333,176.222,0.889,0.556,3.556,18.556,0.0,32.0,12.016
S.Sanders,CLE,QB,8,29.375,15.0,175.0,0.875,1.25,2.75,21.125,0.0,17.0,12.112
T.Bagent,CHI,QB,2,2.0,1.5,23.5,0.0,0.0,1.0,3.5,0.0,,1.29
T.Bridgewater,TB,QB,1,17.0,8.0,62.0,0.0,0.0,1.0,6.0,0.0,7.0,3.08
T.Burks,WAS,QB,1,1.0,0.0,0.0,0.0,0.0,0.0,0.0,0.0,0.0,2.1
T.Hill,NO,QB,5,1.2,0.4,11.4,0.2,0.0,7.8,21.6,0.0,2.0,4.936
T.Huntley,BAL,QB,4,18.75,13.0,106.5,0.5,0.0,5.25,38.5,0.0,16.0,10.11
T.Lance,LAC,QB,4,15.75,6.75,56.5,0.0,0.25,4.25,21.25,0.0,4.0,4.135
T.Lawrence,JAX,QB,17,35.471,20.059,235.706,1.706,0.706,4.882,21.118,0.0,92.0,20.834
T.McKee,PHI,QB,2,23.0,12.0,137.0,0.5,0.5,1.5,6.0,0.0,8.0,7.58
T.Shough,NO,QB,11,32.636,20.091,216.727,0.909,0.545,4.182,16.909,0.0,28.0,15.087
T.Tagovailoa,MIA,QB,14,29.786,18.571,190.0,1.429,1.071,1.429,3.071,0.0,62.0,12.55
T.Taylor,NYJ,QB,6,24.667,13.333,129.833,0.833,0.833,4.5,23.833,0.0,15.0,11.077
T.Warren,IND,QB,1,1.0,0.0,0.0,0.0,0.0,0.0,0.0,0.0,1.0,14.4
Z.Wilson,MIA,QB,3,3.667,2.0,10.667,0.0,0.0,0.333,1.0,0.0,,0.527
