player,team,position,games_played,targets_pg,receptions_pg,receiving_yards_pg,receiving_tds,target_share,air_yards_share,air_yards_pg,snap_share,route_participation,red_zone_targets,goal_line_touches,fantasy_points_pg
A.Abdullah,IND,,12,1.417,1.333,8.25,0.0,3.17,-0.07,-0.25,0.0,0.0,1.0,1.0,3.158
A.Baccellia,ARI,,2,2.0,1.0,4.0,0.0,0.65,0.16,3.5,0.0,0.0,2.0,0.0,1.4
A.Bachman,LV,,3,1.0,0.667,4.0,0.0,0.6,0.44,4.667,0.0,0.0,,,1.067
A.Barner,SEA,,17,4.0,3.059,30.529,6.0,14.88,8.11,17.471,0.0,0.0,13.0,4.0,8.665
A.Beck,NYJ,,7,1.286,0.857,6.429,2.0,1.89,1.18,5.429,0.0,0.0,2.0,2.0,3.286
A.Brown,PHI,,15,8.067,5.2,66.867,7.0,25.97,33.83,95.0,0.0,0.0,13.0,2.0,14.687
A.Cappa,LV,,1,1.0,0.0,0.0,0.0,0.2,0.06,2.0,0.0,0.0,1.0,1.0,0.0
A.Dillon,PHI,,6,0.5,0.5,3.5,0.0,0.64,0.28,2.0,0.0,0.0,1.0,0.0,1.85
A.Dulin,IND,,7,1.429,0.714,15.143,0.0,1.87,3.7,22.571,0.0,0.0,1.0,0.0,2.857
A.Ekeler,WAS,,2,3.5,2.5,19.0,0.0,1.61,0.32,6.0,0.0,0.0,0.0,0.0,6.55
A.Estime,NO,,5,2.6,2.4,20.6,0.0,2.3,-0.04,-0.4,0.0,0.0,0.0,3.0,9.62
A.Firkser,DET,,5,2.0,1.6,10.6,0.0,1.82,0.95,7.0,0.0,0.0,3.0,0.0,2.66
A.Gibson,NE,,5,0.6,0.4,1.2,0.0,0.62,-0.13,-1.2,0.0,0.0,0.0,2.0,3.84
A.Gould,IND,,2,1.0,1.0,3.0,0.0,0.37,-0.05,-1.0,0.0,0.0,,,1.3
A.Hooper,NE,,13,2.0,1.615,20.231,2.0,5.38,5.23,18.0,0.0,0.0,5.0,3.0,4.562
A.Ingold,MIA,,9,1.222,0.889,5.778,0.0,2.37,1.24,4.556,0.0,0.0,0.0,0.0,1.567
A.Iosivas,CIN,,15,3.867,2.2,29.0,2.0,9.49,13.27,40.4,0.0,0.0,7.0,3.0,5.993
A.Jeanty,LV,,17,4.294,3.235,20.353,5.0,14.72,-3.25,-6.118,0.0,0.0,10.0,12.0,14.535
A.Johnson,LAC,,1,1.0,0.0,0.0,0.0,0.18,-0.05,-2.0,0.0,0.0,,,0.8
A.Jones,MIN,,12,3.417,2.333,16.583,1.0,8.69,-0.67,-2.083,0.0,0.0,5.0,3.0,10.058
A.Kamara,NO,,11,3.545,3.0,16.909,0.0,6.89,0.71,3.0,0.0,0.0,5.0,2.0,9.518
A.Lazard,NYJ,,9,2.0,1.111,7.778,1.0,3.77,4.41,15.778,0.0,0.0,6.0,3.0,2.556
A.Mitchell,IND,,8,2.0,1.125,19.0,0.0,2.99,6.04,32.25,0.0,0.0,,,3.025
A.Mitchell,NYJ,,8,7.25,3.0,37.625,2.0,12.16,26.23,105.5,0.0,0.0,8.0,0.0,8.212
A.Ogletree,IND,,4,1.5,1.0,6.75,1.0,1.12,0.98,10.5,0.0,0.0,2.0,1.0,3.175
A.Okwuegbunam,LV,,1,6.0,5.0,36.0,0.0,1.21,0.56,18.0,0.0,0.0,1.0,0.0,8.6
A.Pierce,IND,,15,5.6,3.133,66.867,6.0,15.67,37.26,106.2,0.0,0.0,9.0,1.0,12.22
A.Prentice,DEN,,12,0.667,0.5,4.417,0.0,1.36,0.21,0.75,0.0,0.0,2.0,2.0,1.308
A.Richardson,IND,QB,1,1.0,1.0,9.0,0.0,0.19,0.05,2.0,0.0,0.0,,,2.26
A.Rodgers,PIT,QB,16,0.062,0.062,-0.562,0.0,0.19,-0.28,-0.562,0.0,0.0,0.0,2.0,14.63
A.Smith,NYJ,,12,1.333,0.583,4.333,0.0,3.35,6.71,18.0,0.0,0.0,,,1.125
A.St. Brown,DET,,17,10.118,6.882,82.412,11.0,31.27,37.84,81.765,0.0,0.0,35.0,9.0,19.059
A.Thielen,MIN,,9,2.111,0.889,7.667,0.0,4.03,3.89,16.111,0.0,0.0,2.0,1.0,1.656
A.Thielen,PIT,,5,3.4,2.2,23.4,0.0,3.24,5.09,32.2,0.0,0.0,2.0,0.0,4.54
A.Trammell,JAX,,5,2.0,0.6,9.2,0.0,1.82,2.66,26.0,0.0,0.0,1.0,0.0,1.52
A.Trautman,DEN,,11,2.091,1.818,17.727,1.0,3.9,2.42,9.636,0.0,0.0,1.0,1.0,4.136
B.Allen,NYJ,,4,0.75,0.5,4.25,0.0,0.63,0.25,2.0,0.0,0.0,2.0,2.0,4.325
B.Bates,CLE,,3,1.0,0.667,8.333,0.0,0.57,0.45,5.333,0.0,0.0,1.0,1.0,1.5
B.Bates,HOU,,1,2.0,2.0,23.0,0.0,0.36,0.5,23.0,0.0,0.0,,,4.3
B.Berrios,HOU,,2,4.0,3.0,18.5,0.0,1.44,0.52,12.0,0.0,0.0,2.0,0.0,4.85
B.Bowers,LV,,12,7.25,5.333,56.667,7.0,17.54,17.51,46.667,0.0,0.0,18.0,3.0,14.517
B.Brown,CHI,,1,1.0,0.0,0.0,0.0,0.19,0.09,4.0,0.0,0.0,,,9.7
B.Collins,NYG,,3,2.0,0.667,8.333,0.0,1.19,1.69,24.333,0.0,0.0,1.0,0.0,1.5
B.Cooks,BUF,,4,2.75,1.25,28.5,0.0,2.25,8.16,71.25,0.0,0.0,,,4.1
B.Cooks,NO,,9,2.778,2.111,18.333,0.0,4.42,4.94,25.667,0.0,0.0,1.0,0.0,3.944
B.Corum,LA,,17,0.824,0.471,2.118,0.0,2.41,0.47,1.471,0.0,0.0,1.0,13.0,7.188
B.Covey,PHI,,1,4.0,2.0,20.0,0.0,0.86,0.19,8.0,0.0,0.0,,,4.0
B.Hall,NYJ,QB,1,3.0,2.0,14.0,0.0,0.63,-0.06,-2.0,0.0,0.0,9.0,5.0,32.86
B.Hall,NYJ,,15,3.0,2.267,22.4,1.0,9.43,0.5,1.067,0.0,0.0,9.0,5.0,11.92
B.Irving,TB,,10,3.5,3.0,27.7,3.0,6.42,-1.29,-5.6,0.0,0.0,4.0,0.0,14.05
B.Melton,GB,,8,1.625,0.5,13.375,1.0,2.81,5.43,27.75,0.0,0.0,,,3.025
B.Nix,DEN,QB,17,0.059,0.0,0.0,0.0,0.17,0.05,0.118,0.0,0.0,1.0,1.0,18.344
B.Oliver,TEN,,1,1.0,1.0,8.0,0.0,0.19,0.15,6.0,0.0,0.0,,,1.8
B.Raimann,IND,,1,1.0,0.0,0.0,0.0,0.19,0.05,2.0,0.0,0.0,1.0,1.0,0.0
B.Robinson,ATL,,17,6.059,4.647,48.235,4.0,19.73,2.41,5.941,0.0,0.0,13.0,12.0,22.047
B.Robinson,SF,,16,0.75,0.5,1.562,0.0,2.17,0.0,0.0,0.0,0.0,4.0,3.0,3.906
B.Russell,SEA,,1,1.0,0.0,0.0,0.0,0.22,0.0,0.0,0.0,0.0,,,0.0
B.Sims,MIN,,3,2.0,1.0,10.0,0.0,1.27,1.96,24.333,0.0,0.0,1.0,0.0,2.0
B.Sinnott,WAS,,8,1.625,1.375,14.25,1.0,2.98,2.83,13.25,0.0,0.0,1.0,1.0,3.55
B.Skowronek,PIT,,6,1.0,0.667,11.5,1.0,1.15,1.93,10.167,0.0,0.0,1.0,0.0,2.817
B.Smith,KC,,15,2.333,1.667,11.467,1.0,6.34,-1.3,-3.733,0.0,0.0,7.0,3.0,4.22
B.Spann-Ford,DAL,,10,1.3,0.9,9.0,1.0,2.13,2.17,10.7,0.0,0.0,2.0,1.0,2.4
B.Strange,JAX,,12,5.0,3.833,45.0,3.0,10.93,8.49,34.5,0.0,0.0,10.0,1.0,9.833
B.Thomas,JAX,,14,6.5,3.429,50.5,2.0,16.58,26.95,93.929,0.0,0.0,7.0,1.0,9.914
B.Tremayne,CAR,,8,2.25,1.75,20.0,0.0,3.73,4.82,19.625,0.0,0.0,1.0,0.0,3.75
B.Tuten,JAX,,15,0.933,0.667,5.267,2.0,2.55,0.16,0.533,0.0,0.0,2.0,8.0,6.04
B.Whiteheart,CLE,,6,1.0,0.333,0.667,0.0,1.15,1.2,7.167,0.0,0.0,,,0.4
B.Willis,SF,,1,1.0,0.0,0.0,0.0,0.18,0.05,2.0,0.0,0.0,,,0.0
B.Wright,DET,,7,3.143,2.0,15.429,2.0,4.0,0.6,3.143,0.0,0.0,2.0,1.0,5.257
B.Yurosek,MIN,,2,1.5,1.0,7.0,0.0,0.64,0.3,5.5,0.0,0.0,,,1.7
C.Akers,MIN,,1,1.0,0.0,0.0,0.0,0.21,-0.16,-6.0,0.0,0.0,,,1.9
C.Austin,PIT,,14,3.929,2.214,26.571,3.0,10.5,19.11,43.214,0.0,0.0,4.0,0.0,6.157
C.Brooks,GB,,14,1.214,0.929,6.5,0.0,3.68,0.15,0.429,0.0,0.0,3.0,0.0,2.336
C.Brown,CIN,,17,5.235,4.059,24.353,5.0,14.57,1.01,2.706,0.0,0.0,12.0,17.0,16.371
C.Colby,SF,,1,1.0,1.0,-1.0,0.0,0.18,-0.15,-6.0,0.0,0.0,,,0.9
C.Dike,TEN,,17,4.353,2.824,24.882,4.0,13.96,15.27,35.235,0.0,0.0,14.0,5.0,6.829
C.Edwards-Helaire,KC,,2,1.0,1.0,4.5,0.0,0.36,-0.09,-2.0,0.0,0.0,,,2.1
C.Ford,CIN,,1,1.0,1.0,21.0,0.0,0.16,0.09,4.0,0.0,0.0,,,3.1
C.Godwin,TB,,9,5.778,3.667,40.0,2.0,9.54,8.32,40.111,0.0,0.0,8.0,3.0,9.0
C.Grandy,CIN,,2,1.0,1.0,3.5,0.0,0.33,-0.13,-3.0,0.0,0.0,,,1.35
C.Ham,MIN,,4,0.5,0.5,2.75,0.0,0.42,0.05,0.5,0.0,0.0,0.0,2.0,3.9
C.Hubbard,CAR,,15,2.6,2.0,14.867,3.0,8.09,-1.23,-2.667,0.0,0.0,6.0,5.0,8.493
C.Jones,CIN,,1,1.0,0.0,0.0,0.0,0.16,0.92,42.0,0.0,0.0,,,0.0
C.Kiner,ARI,,4,0.75,0.5,3.75,0.0,0.48,0.25,2.75,0.0,0.0,1.0,0.0,2.325
C.Kirk,HOU,,11,4.818,2.545,21.727,1.0,9.52,7.94,33.182,0.0,0.0,7.0,3.0,5.264
C.Kmet,CHI,QB,1,2.0,1.0,10.0,0.0,0.37,0.6,27.0,0.0,0.0,7.0,1.0,2.0
C.Kmet,CHI,,15,3.133,1.933,22.467,2.0,8.77,8.69,26.267,0.0,0.0,7.0,1.0,4.98
C.Kolar,BAL,,11,1.364,0.909,12.909,2.0,3.67,3.14,9.636,0.0,0.0,3.0,1.0,3.291
C.Kupp,SEA,QB,1,1.0,1.0,32.0,0.0,0.22,0.49,18.0,0.0,0.0,13.0,3.0,3.2
C.Kupp,SEA,,15,4.667,3.067,37.4,2.0,15.32,13.85,33.8,0.0,0.0,13.0,3.0,7.607
C.Lamb,DAL,,13,9.0,5.769,82.846,3.0,19.18,28.49,107.923,0.0,0.0,17.0,4.0,15.454
C.Loveland,CHI,,16,5.188,3.625,44.562,6.0,15.49,16.45,46.625,0.0,0.0,15.0,5.0,10.319
C.Manhertz,NYG,,2,1.0,0.5,3.5,0.0,0.4,0.26,5.5,0.0,0.0,1.0,0.0,0.85
C.McCaffrey,SF,QB,1,4.0,4.0,21.0,0.0,0.72,-0.1,-4.0,0.0,0.0,25.0,24.0,17.4
C.McCaffrey,SF,,16,7.812,6.125,55.188,7.0,22.56,8.21,21.188,0.0,0.0,25.0,24.0,24.825
C.Moore,WAS,,8,2.875,1.375,25.875,1.0,5.28,8.85,41.5,0.0,0.0,2.0,0.0,4.825
C.Okonkwo,TEN,,17,4.647,3.294,32.941,2.0,14.91,9.33,21.529,0.0,0.0,5.0,0.0,7.294
C.Olave,NO,QB,1,6.0,3.0,20.0,1.0,1.06,0.68,32.0,0.0,0.0,15.0,2.0,10.0
C.Olave,NO,,15,10.0,6.467,76.2,8.0,26.5,38.67,120.6,0.0,0.0,15.0,2.0,17.267
C.Otton,TB,,15,5.467,3.933,38.133,1.0,15.05,9.66,27.933,0.0,0.0,7.0,1.0,8.147
C.Owen,IND,,1,1.0,0.0,0.0,0.0,0.19,0.05,2.0,0.0,0.0,,,0.0
C.Parkinson,LA,,14,4.0,3.071,29.143,8.0,9.64,4.68,17.714,0.0,0.0,22.0,2.0,9.414
C.Ridley,TEN,,7,5.143,2.429,43.286,0.0,6.79,11.55,64.714,0.0,0.0,2.0,0.0,6.757
C.Rodriguez,WAS,,12,0.333,0.25,2.5,0.0,0.92,0.43,1.333,0.0,0.0,1.0,14.0,7.667
C.Runyon,LV,,1,1.0,1.0,3.0,0.0,0.2,-0.09,-3.0,0.0,0.0,,,1.3
C.Samuel,BUF,,5,1.8,1.4,16.2,1.0,1.84,4.15,29.0,0.0,0.0,1.0,0.0,4.22
C.Skattebo,NYG,,8,4.0,3.0,25.875,2.0,6.32,-0.12,-0.625,0.0,0.0,4.0,10.0,15.962
C.Stover,HOU,,6,2.667,2.0,12.667,0.0,2.87,0.67,5.167,0.0,0.0,3.0,0.0,3.317
C.Sutton,DEN,QB,1,4.0,3.0,24.0,0.0,0.68,0.71,31.0,0.0,0.0,20.0,6.0,5.4
C.Sutton,DEN,,16,7.562,4.438,62.062,7.0,20.54,34.49,94.438,0.0,0.0,20.0,6.0,13.269
C.Tillman,CLE,,12,3.25,1.75,22.5,2.0,7.44,12.89,38.583,0.0,0.0,4.0,1.0,5.0
C.Washington,ATL,,3,1.667,0.667,14.0,0.0,0.96,2.1,29.333,0.0,0.0,,,2.067
C.Watson,GB,,10,5.5,3.5,61.1,6.0,11.9,23.9,97.7,0.0,0.0,6.0,2.0,13.24
C.White,SEA,,3,1.333,1.0,30.0,1.0,0.88,1.07,13.0,0.0,0.0,,,6.0
C.Williams,CHI,QB,17,0.118,0.118,1.294,1.0,0.37,-0.07,-0.176,0.0,0.0,1.0,3.0,19.128
C.Wilson,MIA,,6,1.5,0.833,7.333,0.0,1.94,2.39,13.167,0.0,0.0,3.0,0.0,1.567
C.Woerner,ATL,,6,1.5,1.333,8.0,0.0,1.72,0.29,2.0,0.0,0.0,1.0,0.0,2.133
C.Yankoff,WAS,,3,1.0,0.667,6.0,0.0,0.69,0.48,6.0,0.0,0.0,,,1.267
Cas.Washington,ATL,,2,4.5,2.0,26.0,0.0,1.72,4.16,87.0,0.0,0.0,,,4.6
Co.Heyward,PIT,,11,0.364,0.273,1.909,1.0,0.76,0.82,2.364,0.0,0.0,2.0,4.0,2.491
D.Achane,MIA,,16,5.312,4.188,30.062,4.0,18.28,1.06,2.188,0.0,0.0,11.0,6.0,20.131
D.Adams,LA,,14,8.143,4.286,56.357,14.0,19.62,27.27,103.143,0.0,0.0,32.0,16.0,15.921
D.Allen,LA,,15,2.2,1.6,13.867,3.0,5.68,2.45,8.667,0.0,0.0,7.0,3.0,4.187
D.Bellinger,NYG,,12,2.167,1.583,23.833,2.0,5.14,5.66,20.333,0.0,0.0,6.0,0.0,4.967
D.Brown,JAX,,11,3.364,1.818,20.636,1.0,6.74,10.62,47.091,0.0,0.0,9.0,1.0,4.7
D.Cooper,PHI,,5,2.2,1.8,18.4,0.0,2.36,2.59,21.8,0.0,0.0,,,3.64
D.Culp,TB,,1,1.0,1.0,6.0,1.0,0.18,0.14,6.0,0.0,0.0,1.0,0.0,7.6
D.Dabney,GB,,1,2.0,1.0,3.0,0.0,0.43,0.24,10.0,0.0,0.0,1.0,0.0,1.3
D.Dallas,JAX,,1,1.0,0.0,0.0,0.0,0.18,-0.02,-1.0,0.0,0.0,,,2.1
D.Davis,LAC,,5,0.6,0.4,2.0,0.0,0.55,0.75,6.6,0.0,0.0,,,0.7
D.Douglas,NE,,16,2.875,1.938,27.938,3.0,9.52,9.94,27.812,0.0,0.0,7.0,2.0,5.988
D.Drummond,ATL,,4,3.0,1.75,10.5,0.0,2.3,2.03,21.25,0.0,0.0,4.0,2.0,2.8
D.Duvernay,CHI,,3,1.667,0.667,8.667,0.0,0.93,1.65,25.0,0.0,0.0,1.0,1.0,1.533
D.Eskridge,MIA,,5,1.4,0.8,12.4,0.0,1.51,2.97,19.6,0.0,0.0,,,2.04
D.Giddens,IND,,5,0.4,0.0,0.0,0.0,0.37,-0.14,-1.2,0.0,0.0,1.0,1.0,1.92
D.Goedert,PHI,,15,5.467,4.0,39.4,11.0,17.6,13.84,38.867,0.0,0.0,15.0,8.0,12.34
D.Henry,BAL,QB,1,1.0,1.0,7.0,0.0,0.24,-0.06,-2.0,0.0,0.0,2.0,27.0,12.7
D.Henry,BAL,,16,1.25,0.875,8.938,0.0,4.89,0.41,0.875,0.0,0.0,2.0,27.0,17.05
D.Hopkins,BAL,,17,2.294,1.294,19.412,2.0,9.54,15.2,30.176,0.0,0.0,3.0,1.0,3.941
D.Kincaid,BUF,,12,4.167,3.25,47.583,5.0,10.25,13.32,38.75,0.0,0.0,9.0,2.0,10.508
D.Knox,BUF,,16,3.125,2.25,26.062,4.0,10.25,9.42,20.562,0.0,0.0,13.0,6.0,6.356
D.Laube,LV,,4,1.0,0.75,4.5,0.0,0.81,-0.19,-1.5,0.0,0.0,,,1.425
D.London,ATL,,12,9.417,5.667,76.583,7.0,21.65,29.18,101.75,0.0,0.0,16.0,6.0,16.825
D.Martin-Robinson,TEN,,4,1.5,1.0,7.5,1.0,1.13,0.59,5.75,0.0,0.0,1.0,1.0,3.25
D.Maye,NE,QB,17,0.059,0.059,0.118,0.0,0.21,-0.18,-0.471,0.0,0.0,0.0,4.0,21.292
D.Metcalf,PIT,,15,6.6,3.933,56.667,6.0,18.89,32.98,69.6,0.0,0.0,13.0,6.0,12.48
D.Montgomery,DET,QB,3,1.333,1.333,11.667,0.0,0.73,0.27,3.333,0.0,0.0,2.0,17.0,12.507
D.Montgomery,DET,,14,1.786,1.429,11.214,0.0,4.55,0.05,0.143,0.0,0.0,2.0,17.0,9.243
D.Mooney,ATL,,15,4.8,2.133,29.533,1.0,13.79,24.35,67.933,0.0,0.0,8.0,1.0,5.487
D.Moore,CAR,,2,0.5,0.5,2.5,0.0,0.21,0.15,2.5,0.0,0.0,,,1.35
D.Moore,CHI,QB,1,6.0,4.0,72.0,0.0,1.12,1.74,79.0,0.0,0.0,11.0,5.0,22.98
D.Moore,CHI,,16,4.938,2.875,37.188,6.0,14.74,20.04,56.812,0.0,0.0,11.0,5.0,9.231
D.Neal,NO,,9,2.111,1.889,11.556,0.0,3.36,-0.81,-4.222,0.0,0.0,1.0,2.0,6.667
D.Njoku,CLE,,11,4.364,3.0,26.636,4.0,9.16,7.05,23.0,0.0,0.0,9.0,1.0,7.845
D.Ogunbowale,HOU,,9,1.444,1.111,8.444,0.0,2.33,0.52,2.667,0.0,0.0,3.0,3.0,2.9
D.Pettis,NO,,4,2.75,2.25,31.75,0.0,1.94,2.24,26.25,0.0,0.0,,,5.425
D.Pierce,HOU,,2,0.5,0.0,0.0,0.0,0.18,-0.09,-2.0,0.0,0.0,0.0,0.0,1.3
D.Robinson,SF,,14,2.571,1.571,19.714,1.0,6.5,11.43,33.714,0.0,0.0,4.0,2.0,4.014
D.Sample,CIN,,11,1.818,1.364,9.636,1.0,3.27,-0.15,-0.636,0.0,0.0,1.0,1.0,2.9
D.Sampson,CLE,,15,2.667,2.2,18.067,2.0,7.63,-1.73,-4.133,0.0,0.0,6.0,0.0,5.973
D.Samuel,WAS,,16,6.25,4.5,45.438,5.0,22.94,14.05,32.938,0.0,0.0,13.0,5.0,11.762
D.Schultz,HOU,,17,6.294,4.824,45.706,3.0,19.21,14.34,38.765,0.0,0.0,12.0,5.0,10.453
D.Sills,ATL,,12,3.0,1.5,15.917,2.0,6.9,9.66,33.667,0.0,0.0,6.0,0.0,4.092
D.Singletary,NYG,,16,1.188,1.125,9.438,0.0,3.75,-0.28,-0.75,0.0,0.0,2.0,11.0,6.137
D.Slayton,NYG,,14,4.643,2.643,38.429,1.0,12.85,19.55,60.214,0.0,0.0,8.0,2.0,6.914
D.Smith,PHI,,17,6.706,4.529,59.294,4.0,24.46,32.17,79.706,0.0,0.0,12.0,3.0,11.871
D.Smythe,CHI,,4,1.5,1.0,6.25,0.0,1.12,0.53,6.0,0.0,0.0,,,1.625
D.Swift,CHI,,16,3.0,2.125,18.125,1.0,8.96,-0.55,-1.562,0.0,0.0,1.0,14.0,14.481
D.Thompkins,ATL,,2,1.5,1.5,13.5,0.0,0.57,0.17,3.5,0.0,0.0,,,3.1
D.Thornton,LV,,11,2.727,0.909,12.273,0.0,6.05,15.54,45.182,0.0,0.0,2.0,0.0,2.136
D.Vele,NO,,9,4.444,2.778,32.556,2.0,7.07,9.23,48.0,0.0,0.0,5.0,3.0,7.367
D.Walker,BAL,,5,1.6,1.2,27.2,3.0,1.96,5.81,39.2,0.0,0.0,1.0,1.0,7.52
D.Waller,MIA,,8,4.375,3.0,35.375,6.0,7.53,10.88,44.875,0.0,0.0,8.0,3.0,11.088
D.Washington,PIT,,13,3.385,2.385,28.0,1.0,8.4,7.64,18.615,0.0,0.0,9.0,4.0,5.646
D.Wicks,GB,,13,3.538,2.308,25.538,2.0,9.96,12.65,39.769,0.0,0.0,4.0,1.0,5.831
D.Young,SEA,,3,1.0,0.667,16.0,0.0,0.66,1.56,19.0,0.0,0.0,,,2.267
E.Arroyo,SEA,,13,2.0,1.154,13.769,1.0,5.69,6.01,16.923,0.0,0.0,5.0,1.0,2.992
E.Ayomanor,TEN,,16,5.562,2.562,32.188,4.0,16.79,28.7,70.375,0.0,0.0,8.0,1.0,7.281
E.Chism,NE,,2,1.5,1.5,37.5,1.0,0.62,0.78,17.5,0.0,0.0,1.0,0.0,8.25
E.Demercado,ARI,,11,1.818,1.182,9.182,1.0,3.23,0.27,1.091,0.0,0.0,4.0,1.0,5.482
E.Egbuka,TB,,17,7.529,3.706,55.176,6.0,23.49,36.25,92.471,0.0,0.0,15.0,4.0,11.394
E.Engram,DEN,,16,4.812,3.125,28.812,1.0,13.07,7.56,20.688,0.0,0.0,11.0,1.0,6.425
E.Higgins,ARI,,15,2.467,2.0,20.067,0.0,5.97,3.33,9.867,0.0,0.0,5.0,1.0,4.007
E.Hull,NO,,6,0.167,0.167,1.0,0.0,0.18,-0.09,-0.667,0.0,0.0,0.0,0.0,1.067
E.Mitchell,KC,,1,1.0,0.0,0.0,0.0,0.18,0.37,16.0,0.0,0.0,,,0.0
E.Moore,BUF,,9,1.889,1.0,12.444,0.0,3.48,4.07,15.778,0.0,0.0,0.0,1.0,3.178
E.Saubert,SEA,,5,1.6,0.8,6.2,0.0,1.75,0.76,5.6,0.0,0.0,4.0,1.0,1.42
E.Wilson,GB,,16,1.125,0.938,6.188,0.0,3.9,-0.78,-2.0,0.0,0.0,3.0,5.0,5.781
F.Moreau,NO,,7,1.429,1.0,8.429,0.0,1.77,0.21,1.429,0.0,0.0,1.0,0.0,1.843
G.Bolles,DEN,,1,1.0,0.0,0.0,0.0,0.17,0.05,2.0,0.0,0.0,1.0,1.0,0.0
G.Calcaterra,PHI,,8,1.625,1.125,9.5,1.0,2.79,2.02,10.625,0.0,0.0,3.0,0.0,2.825
G.Davis,BUF,,6,3.0,2.0,21.5,1.0,3.69,4.55,26.5,0.0,0.0,6.0,2.0,5.15
G.Dortch,ARI,,12,2.75,2.417,17.167,3.0,5.32,1.3,4.833,0.0,0.0,7.0,1.0,6.258
G.Dulcich,MIA,,9,3.778,2.889,37.222,1.0,7.31,4.7,17.222,0.0,0.0,7.0,2.0,7.2
G.Helm,TEN,,16,3.438,2.75,22.312,2.0,10.38,7.72,18.938,0.0,0.0,8.0,1.0,5.731
G.Holani,SEA,,4,0.5,0.5,3.75,0.0,0.44,-0.03,-0.25,0.0,0.0,0.0,0.0,4.2
G.Kittle,SF,,11,6.273,5.182,57.091,7.0,12.45,11.14,41.818,0.0,0.0,13.0,3.0,14.682
G.Larvadain,CLE,,7,2.143,1.0,10.143,0.0,2.86,3.48,17.857,0.0,0.0,1.0,1.0,2.057
G.Olszewski,NYG,QB,2,4.5,4.0,51.0,0.0,1.78,1.76,38.0,0.0,0.0,2.0,0.0,11.76
G.Olszewski,NYG,,3,1.333,0.667,14.333,1.0,0.79,1.25,18.0,0.0,0.0,2.0,0.0,4.1
G.Pickens,DAL,,17,8.118,5.471,84.059,9.0,22.62,31.41,91.0,0.0,0.0,24.0,7.0,17.053
G.Ricci,DET,,1,1.0,0.0,0.0,0.0,0.18,0.08,3.0,0.0,0.0,1.0,1.0,0.0
G.Wilson,NYJ,,7,8.571,5.143,56.429,4.0,12.58,16.63,76.429,0.0,0.0,5.0,1.0,14.214
H.Bryant,HOU,,4,1.5,0.5,1.75,0.0,1.08,1.26,14.5,0.0,0.0,,,0.675
H.Fannin,CLE,,16,6.75,4.5,45.688,6.0,20.61,17.99,40.375,0.0,0.0,11.0,4.0,11.775
H.Haskins,LAC,,5,0.8,0.8,2.6,0.0,0.74,-0.07,-0.6,0.0,0.0,0.0,0.0,2.0
H.Henry,NE,,17,5.118,3.529,45.176,7.0,18.01,15.87,41.765,0.0,0.0,22.0,6.0,10.518
H.Long,JAX,,7,2.429,1.714,12.143,2.0,3.1,1.35,9.429,0.0,0.0,4.0,1.0,4.643
H.Luepke,DAL,,11,1.364,1.182,9.909,1.0,2.46,-0.06,-0.273,0.0,0.0,4.0,1.0,3.364
H.Renfrow,CAR,,6,4.333,2.5,14.833,2.0,5.39,5.95,32.333,0.0,0.0,6.0,2.0,5.983
I.Bond,CLE,,15,2.933,1.2,21.133,0.0,8.4,20.91,50.067,0.0,0.0,4.0,1.0,3.507
I.Davis,NYJ,,15,1.933,1.4,12.4,0.0,6.08,0.99,2.133,0.0,0.0,2.0,1.0,4.613
I.Hodgins,NYG,,6,3.167,1.667,19.167,1.0,3.75,4.8,34.5,0.0,0.0,4.0,0.0,4.583
I.Likely,BAL,,11,3.273,2.455,27.909,1.0,8.8,8.5,26.091,0.0,0.0,6.0,2.0,5.791
I.Pacheco,KC,,13,2.0,1.462,7.769,1.0,4.71,-0.63,-2.077,0.0,0.0,4.0,1.0,6.715
I.TeSlaa,DET,,14,1.929,1.143,17.071,6.0,4.91,9.58,25.143,0.0,0.0,11.0,2.0,5.421
I.Thomas,LV,,7,1.857,1.857,16.286,0.0,2.62,1.31,6.0,0.0,0.0,,,3.486
I.Williams,NYJ,QB,1,4.0,1.0,2.0,0.0,0.84,0.53,17.0,0.0,0.0,1.0,0.0,1.6
I.Williams,NYJ,,8,4.0,3.125,23.875,0.0,6.71,3.26,13.125,0.0,0.0,1.0,0.0,5.888
J.Addison,MIN,,14,5.643,3.0,43.571,3.0,16.74,29.07,77.357,0.0,0.0,13.0,3.0,9.65
J.Bates,WAS,,9,1.778,1.222,11.444,1.0,3.67,1.28,5.333,0.0,0.0,2.0,2.0,3.033
J.Bech,LV,,12,2.417,1.667,18.667,0.0,5.85,7.5,20.0,0.0,0.0,4.0,0.0,3.533
J.Blue,DAL,,5,0.2,0.2,1.0,0.0,0.16,-0.1,-1.0,0.0,0.0,0.0,1.0,4.08
J.Bobo,SEA,,2,1.0,1.0,10.0,0.0,0.44,0.38,7.0,0.0,0.0,,,2.0
J.Brooks,ARI,,2,3.0,1.5,25.5,0.0,0.97,1.53,34.0,0.0,0.0,,,4.05
J.Brownlee,KC,,1,1.0,0.0,0.0,0.0,0.18,0.21,9.0,0.0,0.0,1.0,0.0,0.0
J.Chase,CIN,,16,11.562,7.812,88.25,8.0,30.28,34.39,98.125,0.0,0.0,22.0,2.0,19.725
J.Chestnut,TEN,,7,0.286,0.0,0.0,0.0,0.38,0.56,3.143,0.0,0.0,0.0,2.0,0.571
J.Coker,CAR,,11,4.091,3.0,35.818,3.0,9.34,13.35,39.545,0.0,0.0,5.0,2.0,8.218
J.Conner,ARI,,3,3.0,2.667,12.667,1.0,1.45,-0.2,-3.0,0.0,0.0,1.0,4.0,11.1
J.Cook,BUF,,17,2.353,1.941,17.118,2.0,8.2,1.6,3.294,0.0,0.0,3.0,17.0,18.129
J.Croskey-Merritt,WAS,,17,0.765,0.529,4.0,0.0,2.98,-0.51,-1.118,0.0,0.0,1.0,13.0,8.488
J.Deguara,ARI,,4,1.25,0.75,5.25,1.0,0.81,0.52,5.75,0.0,0.0,1.0,0.0,2.775
J.Dobbins,DEN,,10,1.4,1.1,3.7,0.0,2.38,-0.68,-3.0,0.0,0.0,0.0,7.0,11.59
J.Dotson,PHI,,14,2.571,1.286,18.714,1.0,7.73,13.18,39.643,0.0,0.0,5.0,0.0,3.586
J.Downs,IND,,16,5.5,3.625,34.938,4.0,16.42,15.42,41.188,0.0,0.0,15.0,2.0,8.606
J.Ferguson,DAL,,17,6.059,4.824,35.294,8.0,16.89,9.64,27.941,0.0,0.0,25.0,9.0,11.182
J.Fields,NYJ,QB,9,0.111,0.0,0.0,0.0,0.21,0.19,0.667,0.0,0.0,1.0,5.0,15.518
J.FitzPatrick,GB,,10,1.5,1.2,7.2,1.0,3.25,0.59,2.4,0.0,0.0,4.0,1.0,2.52
J.Ford,CLE,,13,2.462,2.0,7.923,0.0,6.11,-1.36,-3.769,0.0,0.0,6.0,3.0,3.354
J.Gibbs,DET,,17,5.529,4.529,36.059,5.0,17.09,1.47,3.176,0.0,0.0,15.0,12.0,21.682
J.Hawes,BUF,,13,1.462,1.231,14.385,3.0,3.89,3.98,10.692,0.0,0.0,3.0,2.0,4.054
J.Higgins,HOU,,17,4.059,2.412,30.882,6.0,12.39,18.26,49.353,0.0,0.0,9.0,2.0,7.618
J.Hill,BAL,,9,3.0,2.333,18.778,1.0,6.6,-0.18,-0.667,0.0,0.0,1.0,1.0,7.244
J.Hill,MIA,,11,1.909,1.364,12.727,0.0,4.52,2.0,6.0,0.0,0.0,4.0,1.0,2.636
J.Hyatt,NYG,,5,2.8,1.0,7.0,0.0,2.77,6.49,56.0,0.0,0.0,1.0,0.0,1.7
J.Jacobs,GB,,15,2.933,2.4,18.8,1.0,9.52,-0.95,-2.6,0.0,0.0,6.0,20.0,16.073
J.Jefferson,MIN,,17,8.353,4.941,61.647,2.0,30.08,38.59,84.588,0.0,0.0,19.0,6.0,11.853
J.Jennings,SF,,15,6.2,3.667,42.867,9.0,16.79,21.91,60.333,0.0,0.0,22.0,8.0,11.553
J.Jeudy,CLE,,17,6.235,2.941,35.412,2.0,20.23,35.87,75.765,0.0,0.0,9.0,0.0,7.218
J.Johnson,NO,,17,6.0,4.529,52.294,3.0,18.02,16.52,45.471,0.0,0.0,8.0,0.0,10.818
J.Jordan,HOU,,4,1.75,1.75,8.5,0.0,1.26,-0.13,-1.5,0.0,0.0,0.0,1.0,7.425
J.Keeney-James,GB,,1,2.0,2.0,15.0,0.0,0.43,0.37,15.0,0.0,0.0,,,3.5
J.Lane,WAS,,13,2.462,1.231,17.308,0.0,7.34,11.39,32.846,0.0,0.0,2.0,0.0,3.015
J.Mason,MIN,,16,1.0,0.875,3.188,0.0,3.39,-1.4,-3.25,0.0,0.0,1.0,7.0,8.181
J.Matthews,ATL,,1,1.0,0.0,0.0,0.0,0.19,0.02,1.0,0.0,0.0,1.0,1.0,0.0
J.McLaughlin,DEN,,8,0.75,0.5,3.375,0.0,1.02,-0.52,-2.875,0.0,0.0,0.0,1.0,3.925
J.McMillan,TB,,4,3.75,3.0,44.5,0.0,2.75,4.13,44.75,0.0,0.0,1.0,0.0,7.475
J.McNichols,WAS,,16,2.0,1.562,12.25,0.0,7.34,-0.61,-1.438,0.0,0.0,3.0,3.0,4.544
J.Metchie,NYJ,,9,4.889,3.222,28.444,2.0,9.22,8.14,29.111,0.0,0.0,5.0,0.0,7.344
J.Metchie,PHI,,3,1.333,1.333,6.0,0.0,0.86,0.14,2.0,0.0,0.0,,,1.933
J.Meyers,JAX,,9,6.778,4.667,53.667,3.0,11.11,11.72,63.556,0.0,0.0,9.0,3.0,12.178
J.Meyers,LV,,7,7.0,4.714,50.286,0.0,9.88,13.63,62.286,0.0,0.0,6.0,0.0,9.743
J.Mingo,DAL,,5,1.0,0.2,5.0,0.0,0.82,1.97,19.4,0.0,0.0,,,0.7
J.Mitchell,CAR,,2,1.5,1.5,14.0,0.0,0.62,0.21,3.5,0.0,0.0,,,2.9
J.Mundt,JAX,,11,1.727,0.818,10.091,0.0,3.46,2.05,9.091,0.0,0.0,1.0,0.0,1.827
J.Nailor,MIN,,17,3.176,1.706,26.118,4.0,11.44,17.61,38.588,0.0,0.0,13.0,5.0,5.806
J.Noel,HOU,,14,2.5,1.857,20.857,2.0,6.28,7.12,23.357,0.0,0.0,5.0,2.0,4.886
J.Oliver,MIN,,12,1.667,1.25,13.333,4.0,4.24,1.72,5.333,0.0,0.0,7.0,1.0,4.583
J.Palmer,BUF,,12,3.083,1.833,25.25,0.0,7.58,12.14,35.333,0.0,0.0,6.0,1.0,4.358
J.Patterson,LAC,,6,0.667,0.5,1.333,0.0,0.74,-0.02,-0.167,0.0,0.0,0.0,2.0,4.283
J.Proche,TEN,,6,2.0,1.0,10.833,0.0,2.26,4.46,29.167,0.0,0.0,,,2.083
J.Reed,GB,,5,4.4,3.8,41.4,1.0,4.76,4.38,35.8,0.0,0.0,4.0,0.0,9.7
J.Reynolds,NYJ,,5,4.4,2.2,20.2,0.0,4.61,8.58,55.2,0.0,0.0,2.0,1.0,4.22
J.Royals,KC,,1,3.0,2.0,4.0,0.0,0.54,0.51,22.0,0.0,0.0,,,2.4
J.Ruckert,NYJ,,13,2.231,1.769,12.923,1.0,6.08,3.17,7.846,0.0,0.0,3.0,1.0,3.523
J.Sanders,CAR,,11,3.091,2.636,17.273,1.0,7.05,5.03,14.909,0.0,0.0,10.0,0.0,4.909
J.Simmons,TEN,,1,1.0,1.0,1.0,1.0,0.19,0.03,1.0,0.0,0.0,1.0,1.0,7.1
J.Smith,PIT,,17,3.235,2.235,13.059,2.0,10.5,7.39,13.765,0.0,0.0,8.0,3.0,5.012
J.Smith-Njigba,SEA,,17,9.588,7.0,105.471,10.0,35.67,50.07,107.824,0.0,0.0,17.0,3.0,21.288
J.Smith-Schuster,KC,,16,2.812,2.062,21.562,1.0,8.15,5.68,15.25,0.0,0.0,9.0,2.0,4.594
J.Stoll,NO,,8,1.375,0.75,5.75,1.0,1.94,0.73,4.25,0.0,0.0,1.0,0.0,2.075
J.Taylor,IND,,17,3.294,2.706,22.235,2.0,10.45,-1.05,-2.647,0.0,0.0,5.0,25.0,21.312
J.Thrash,CLE,,8,1.875,1.25,13.375,0.0,2.86,2.84,12.75,0.0,0.0,1.0,0.0,2.588
J.Tolbert,DAL,,11,3.182,1.636,18.455,1.0,5.74,8.28,37.091,0.0,0.0,5.0,2.0,4.027
J.Tonges,SF,,9,5.111,3.778,32.556,5.0,8.3,5.64,25.889,0.0,0.0,7.0,3.0,10.367
J.Waddle,MIA,QB,1,8.0,6.0,95.0,0.0,1.72,3.64,120.0,0.0,0.0,11.0,4.0,15.82
J.Waddle,MIA,,15,6.133,3.867,54.333,6.0,19.78,35.94,79.067,0.0,0.0,11.0,4.0,11.887
J.Walker,CHI,,3,3.333,2.0,29.0,2.0,1.87,2.87,43.333,0.0,0.0,2.0,1.0,8.9
J.Warren,PIT,,16,2.812,2.5,20.812,2.0,8.59,-3.57,-7.062,0.0,0.0,5.0,15.0,13.569
J.Watkins,SF,,2,1.5,1.0,13.0,0.0,0.54,1.04,21.5,0.0,0.0,,,2.3
J.Watson,HOU,,2,2.0,1.5,15.0,0.0,0.72,0.72,16.5,0.0,0.0,2.0,0.0,3.0
J.Wayne,HOU,,1,2.0,2.0,20.0,0.0,0.36,0.37,17.0,0.0,0.0,,,4.0
J.Westover,NE,,2,1.0,0.5,0.0,0.0,0.41,0.04,1.0,0.0,0.0,,,0.5
J.Whittington,LA,,13,1.923,1.385,13.154,0.0,4.3,3.23,13.154,0.0,0.0,1.0,0.0,2.792
J.Whyle,GB,,6,1.0,0.833,6.0,1.0,1.3,0.56,3.833,0.0,0.0,1.0,1.0,2.433
J.Wiley,KC,,1,1.0,1.0,4.0,0.0,0.18,-0.09,-4.0,0.0,0.0,,,1.4
J.Williams,DAL,,16,3.188,2.188,8.562,2.0,8.36,-1.36,-4.188,0.0,0.0,12.0,24.0,15.425
J.Williams,DET,,17,6.0,3.824,65.235,7.0,18.55,35.09,75.824,0.0,0.0,9.0,1.0,12.888
J.Winston,NYG,QB,3,0.333,0.333,11.0,1.0,0.2,0.3,4.333,0.0,0.0,0.0,1.0,15.76
J.Woods,NYJ,,2,1.5,0.5,2.0,0.0,0.63,0.19,3.0,0.0,0.0,1.0,0.0,0.7
J.Wright,MIA,,9,1.0,0.556,4.889,0.0,1.94,-1.03,-3.778,0.0,0.0,0.0,4.0,5.578
Ja.Jones,WAS,,1,1.0,1.0,25.0,0.0,0.23,0.08,3.0,0.0,0.0,,,3.5
Ji.Horn,CAR,,10,1.5,1.1,10.8,0.0,3.11,2.76,9.0,0.0,0.0,3.0,0.0,2.87
K.Allen,LAC,,17,7.176,4.765,45.706,4.0,22.43,23.3,60.412,0.0,0.0,16.0,3.0,10.747
K.Austin,NO,,5,4.6,2.6,28.0,1.0,4.06,4.08,38.2,0.0,0.0,2.0,0.0,6.6
K.Bourne,SF,,14,3.786,2.643,39.357,0.0,9.57,14.14,41.714,0.0,0.0,2.0,0.0,6.579
K.Boutte,NE,,14,3.286,2.357,39.357,6.0,9.52,17.45,55.786,0.0,0.0,4.0,2.0,8.864
K.Coleman,BUF,,12,5.167,3.167,33.667,4.0,12.7,18.87,54.917,0.0,0.0,12.0,6.0,8.533
K.Gainwell,PIT,,17,5.0,4.294,28.588,3.0,16.22,-0.54,-1.0,0.0,0.0,17.0,10.0,13.135
K.Granson,PHI,,4,2.25,1.75,10.0,0.0,1.93,1.61,17.0,0.0,0.0,1.0,0.0,2.75
K.Herbert,NYJ,,3,1.333,0.333,1.333,0.0,0.84,-0.4,-4.333,0.0,0.0,1.0,0.0,2.2
K.Hodge,ATL,,3,3.333,1.0,10.333,0.0,1.92,3.59,50.0,0.0,0.0,,,2.033
K.Hunt,KC,,17,1.471,1.059,8.412,1.0,4.53,0.0,0.0,0.0,0.0,5.0,16.0,8.671
K.Johnson,PIT,,10,0.2,0.1,0.9,0.0,0.38,-0.25,-0.8,0.0,0.0,0.0,0.0,0.88
K.Johnson,TB,,5,1.4,0.8,12.8,1.0,1.28,2.03,17.6,0.0,0.0,,,3.54
K.Juszczyk,SF,,15,1.867,1.6,14.2,2.0,5.05,2.91,8.0,0.0,0.0,5.0,3.0,3.8
K.Lambert-Smith,LAC,,7,1.714,0.714,7.286,1.0,2.21,4.79,30.143,0.0,0.0,2.0,0.0,2.3
K.Latu,BUF,,2,2.0,2.0,17.5,0.0,0.82,0.34,6.0,0.0,0.0,,,3.75
K.Miller,NO,,7,0.714,0.714,4.286,0.0,0.88,-0.11,-0.714,0.0,0.0,0.0,0.0,4.757
K.Mitchell,BAL,,12,1.0,0.75,5.25,0.0,2.93,-0.83,-2.333,0.0,0.0,0.0,0.0,4.617
K.Monangai,CHI,,17,1.765,1.059,9.647,0.0,5.6,0.04,0.118,0.0,0.0,3.0,12.0,8.394
K.Mumpfield,LA,,9,2.556,1.111,10.222,1.0,3.96,5.59,32.889,0.0,0.0,4.0,1.0,2.8
K.Nwangwu,NYJ,,2,0.5,0.0,0.0,0.0,0.21,-0.19,-3.0,0.0,0.0,0.0,2.0,2.45
K.Pitts,ATL,,17,7.0,5.176,54.588,5.0,22.8,20.77,51.118,0.0,0.0,13.0,2.0,12.4
K.Raymond,DET,,12,2.5,2.0,24.083,1.0,5.45,4.6,14.083,0.0,0.0,2.0,0.0,5.067
K.Shakir,BUF,,16,6.062,4.5,42.875,4.0,19.88,9.99,21.812,0.0,0.0,15.0,3.0,10.319
K.Turpin,DAL,,15,2.533,1.733,26.4,2.0,6.23,6.88,22.6,0.0,0.0,5.0,0.0,5.767
K.Vidal,LAC,,12,1.833,1.333,11.333,1.0,4.04,-0.32,-1.167,0.0,0.0,6.0,7.0,9.825
K.Walker,SEA,,17,2.118,1.824,16.588,0.0,7.88,-1.12,-2.412,0.0,0.0,3.0,8.0,11.288
K.Williams,CIN,,3,0.333,0.333,1.667,0.0,0.16,0.11,1.667,0.0,0.0,,,0.833
K.Williams,LA,,17,2.941,2.118,16.529,3.0,8.61,2.36,7.353,0.0,0.0,10.0,18.0,15.724
K.Williams,NE,,13,1.615,0.769,16.077,3.0,4.35,8.94,30.769,0.0,0.0,,,3.785
L.Allen,JAX,,14,0.786,0.714,3.857,0.0,2.0,-0.31,-1.071,0.0,0.0,2.0,1.0,1.771
L.Burden,CHI,,15,4.0,3.133,43.467,2.0,11.19,10.14,30.667,0.0,0.0,4.0,0.0,8.527
L.Farrell,SF,,9,1.556,1.222,9.444,2.0,2.53,0.99,4.556,0.0,0.0,4.0,1.0,3.5
L.Humphrey,DEN,,5,3.0,1.8,20.2,1.0,2.55,2.99,26.2,0.0,0.0,2.0,1.0,5.02
L.Humphrey,NYG,,2,5.0,2.0,27.5,0.0,1.98,3.39,73.0,0.0,0.0,2.0,1.0,4.75
L.Krull,DEN,,2,2.0,1.0,7.5,0.0,0.68,0.46,10.0,0.0,0.0,,,1.75
L.McCaffrey,WAS,,7,2.286,1.571,29.0,3.0,3.67,5.81,31.143,0.0,0.0,3.0,2.0,7.043
L.McConkey,LAC,,16,6.625,4.125,49.312,6.0,19.49,23.73,65.375,0.0,0.0,15.0,4.0,11.306
L.Musgrave,GB,,13,2.385,1.846,19.385,0.0,6.71,6.51,20.462,0.0,0.0,1.0,0.0,3.785
L.Schoonmaker,DAL,,14,1.643,1.0,9.429,0.0,3.77,3.35,11.786,0.0,0.0,2.0,0.0,1.943
L.Wypler,CLE,,1,1.0,0.0,0.0,0.0,0.19,0.03,1.0,0.0,0.0,1.0,1.0,0.0
M.Alie-Cox,IND,,11,1.818,1.182,10.636,1.0,3.73,2.18,8.455,0.0,0.0,6.0,1.0,2.791
M.Andrews,BAL,,17,4.118,2.824,24.824,5.0,17.11,15.05,29.882,0.0,0.0,15.0,10.0,7.706
M.Bandy,DEN,,3,1.333,1.333,16.667,1.0,0.68,0.55,8.0,0.0,0.0,1.0,0.0,5.0
M.Brown,KC,,16,4.625,3.062,36.688,5.0,13.41,19.45,52.25,0.0,0.0,10.0,1.0,8.606
M.Carter,ARI,,13,3.462,2.538,20.538,0.0,7.26,1.69,5.769,0.0,0.0,7.0,3.0,7.615
M.Corley,CLE,,12,1.167,0.917,6.583,0.0,2.67,-0.19,-0.583,0.0,0.0,1.0,1.0,2.633
M.Davis,DAL,,9,0.556,0.222,1.778,0.0,0.82,0.37,2.0,0.0,0.0,0.0,2.0,4.511
M.Evans,CAR,,13,1.923,1.462,13.154,2.0,5.19,2.79,7.0,0.0,0.0,4.0,3.0,3.708
M.Evans,TB,,8,7.75,3.75,46.0,3.0,11.38,19.0,103.0,0.0,0.0,9.0,5.0,10.6
M.Gesicki,CIN,,12,3.583,2.333,25.583,2.0,7.04,9.16,34.833,0.0,0.0,8.0,4.0,5.892
M.Golden,GB,,14,3.143,2.071,25.786,0.0,9.52,13.5,39.429,0.0,0.0,2.0,0.0,5.0
M.Hardman,BUF,,1,1.0,0.0,0.0,0.0,0.2,1.32,46.0,0.0,0.0,,,0.0
M.Harrison,ARI,,12,6.167,3.417,50.667,4.0,11.94,21.26,78.833,0.0,0.0,11.0,4.0,10.483
M.Heath,GB,,5,1.4,1.2,17.2,0.0,1.52,1.59,13.0,0.0,0.0,,,2.92
M.Hollins,NE,,14,4.643,3.286,39.286,2.0,13.46,19.02,60.786,0.0,0.0,5.0,2.0,8.1
M.Kinsey,TEN,,2,2.0,1.0,24.0,0.0,0.75,2.35,46.0,0.0,0.0,,,3.4
M.Matavao,NO,,1,2.0,2.0,10.0,0.0,0.35,0.11,5.0,0.0,0.0,,,3.0
M.Mayer,LV,,12,4.167,2.917,27.333,1.0,10.08,7.5,20.0,0.0,0.0,6.0,1.0,6.15
M.Mims,DEN,,15,3.4,2.467,21.467,1.0,8.66,10.91,31.867,0.0,0.0,3.0,0.0,5.933
M.Moore,NYJ,,1,1.0,1.0,3.0,0.0,0.21,0.09,3.0,0.0,0.0,,,1.3
M.Nabers,NYG,,4,8.75,4.5,67.75,2.0,6.92,12.87,138.75,0.0,0.0,4.0,2.0,14.275
M.Pittman,IND,,17,6.706,4.706,46.647,7.0,21.27,21.22,53.353,0.0,0.0,18.0,6.0,11.841
M.Sanders,DAL,,4,2.0,2.0,7.5,0.0,1.31,-0.28,-3.5,0.0,0.0,1.0,1.0,7.175
M.Taylor,NYJ,,13,5.077,3.385,28.385,1.0,13.84,11.65,28.846,0.0,0.0,9.0,2.0,6.685
M.Tinsley,CIN,,8,3.0,1.0,14.5,2.0,3.93,7.75,44.25,0.0,0.0,5.0,0.0,3.95
M.Tipton,NO,,6,2.833,1.833,12.667,0.0,3.0,3.19,24.833,0.0,0.0,2.0,0.0,3.4
M.Turner,SF,,1,1.0,0.0,0.0,0.0,0.18,-0.12,-5.0,0.0,0.0,,,0.0
M.Valdes-Scantling,PIT,,5,4.2,2.0,16.0,1.0,4.01,8.4,53.2,0.0,0.0,5.0,0.0,4.8
M.Valdes-Scantling,SF,,4,2.0,1.0,10.0,0.0,1.44,2.13,22.0,0.0,0.0,,,2.0
M.Washington,MIA,,17,3.824,2.706,18.647,3.0,13.98,10.21,19.824,0.0,0.0,11.0,3.0,6.629
M.Wilson,ARI,,7,9.571,5.286,78.143,6.0,10.81,19.17,121.857,0.0,0.0,11.0,1.0,18.243
Mi.Wilson,ARI,,11,5.455,3.727,41.727,1.0,9.68,14.58,59.0,0.0,0.0,6.0,0.0,8.445
N.Adkins,DEN,,6,1.833,1.0,8.0,1.0,1.87,0.8,5.833,0.0,0.0,2.0,0.0,2.8
N.Brown,WAS,,4,2.5,1.25,20.75,0.0,2.29,3.87,36.25,0.0,0.0,2.0,0.0,3.325
N.Chubb,HOU,,15,1.333,0.867,4.467,0.0,3.59,0.33,1.0,0.0,0.0,2.0,6.0,5.887
N.Collins,HOU,,15,8.067,4.733,74.467,6.0,21.72,33.28,101.933,0.0,0.0,19.0,8.0,15.08
N.Fant,CIN,,13,3.154,2.615,22.154,3.0,6.71,3.0,10.538,0.0,0.0,4.0,3.0,6.215
N.Gray,KC,,13,2.923,1.615,13.692,0.0,6.88,5.56,18.385,0.0,0.0,3.0,2.0,2.985
N.Harris,LAC,,3,1.0,1.0,8.333,0.0,0.55,0.23,3.333,0.0,0.0,0.0,0.0,3.867
N.Kallerup,SEA,,1,1.0,0.0,0.0,0.0,0.22,0.22,8.0,0.0,0.0,1.0,0.0,0.0
N.Remigio,KC,,2,0.5,0.5,10.5,0.0,0.18,0.42,9.0,0.0,0.0,,,2.1
N.Westbrook-Ikhine,MIA,,9,2.222,1.222,9.889,0.0,4.3,3.33,12.222,0.0,0.0,2.0,0.0,2.211
O.Gadsden,LAC,,15,4.6,3.267,44.267,3.0,12.68,14.16,41.6,0.0,0.0,15.0,1.0,8.893
O.Gordon,MIA,,16,0.562,0.438,2.0,1.0,1.94,-0.76,-1.562,0.0,0.0,2.0,6.0,3.381
O.Hampton,LAC,,9,3.889,3.556,21.333,1.0,6.43,-1.23,-6.0,0.0,0.0,2.0,9.0,15.078
O.Zaccheaus,CHI,,14,4.714,2.786,22.357,2.0,12.31,10.19,33.0,0.0,0.0,13.0,2.0,6.057
P.Brown,ARI,,1,2.0,2.0,1.0,0.0,0.32,0.02,1.0,0.0,0.0,1.0,1.0,2.1
P.Bryant,DEN,,12,4.083,2.583,31.5,1.0,8.32,9.36,34.167,0.0,0.0,8.0,1.0,6.233
P.Durham,TB,,4,1.0,0.25,2.75,0.0,0.73,0.37,4.0,0.0,0.0,1.0,0.0,0.525
P.Freiermuth,PIT,,15,3.6,2.733,32.4,4.0,10.31,10.2,21.533,0.0,0.0,9.0,2.0,7.573
P.Mafah,DAL,,1,2.0,2.0,11.0,0.0,0.33,-0.22,-11.0,0.0,0.0,0.0,1.0,10.9
P.Mahomes,KC,QB,14,0.071,0.071,-0.714,0.0,0.18,-0.19,-0.571,0.0,0.0,0.0,2.0,20.906
P.Nacua,LA,,16,10.375,8.062,107.188,10.0,28.57,29.57,97.875,0.0,0.0,17.0,4.0,23.562
P.Ricard,BAL,,3,0.667,0.333,2.667,0.0,0.49,0.18,2.0,0.0,0.0,,,0.7
P.Washington,JAX,,15,6.467,3.867,56.467,5.0,17.67,24.33,79.133,0.0,0.0,16.0,4.0,11.513
Q.Ewers,MIA,QB,4,0.25,0.25,-1.5,0.0,0.22,-0.18,-1.5,0.0,0.0,1.0,1.0,9.045
Q.Johnston,LAC,,13,6.462,3.923,56.538,8.0,15.44,22.44,76.077,0.0,0.0,15.0,2.0,13.323
Q.Judkins,CLE,QB,1,3.0,1.0,58.0,0.0,0.57,0.08,3.0,0.0,0.0,1.0,12.0,9.4
Q.Judkins,CLE,,13,2.538,1.923,8.692,0.0,6.3,-0.5,-1.385,0.0,0.0,1.0,12.0,12.185
Q.Morris,JAX,,5,1.8,1.2,11.0,1.0,1.64,0.92,9.0,0.0,0.0,2.0,1.0,3.5
Q.Skinner,NYJ,,1,2.0,1.0,10.0,0.0,0.42,0.12,4.0,0.0,0.0,1.0,1.0,2.0
R.Ali,BAL,,8,1.375,1.125,8.5,1.0,2.69,-0.03,-0.125,0.0,0.0,1.0,0.0,3.025
R.Bateman,BAL,,13,3.0,1.462,17.231,2.0,9.54,13.86,36.0,0.0,0.0,9.0,2.0,4.108
R.Bell,NO,,1,4.0,2.0,23.0,1.0,0.71,1.67,78.0,0.0,0.0,2.0,0.0,10.3
R.Chosen,WAS,,3,3.0,1.667,17.667,0.0,2.06,3.49,43.667,0.0,0.0,,,3.433
R.Davis,BUF,,13,1.077,0.769,6.615,2.0,2.87,0.03,0.077,0.0,0.0,5.0,5.0,4.469
R.Doubs,GB,,16,5.375,3.438,45.25,6.0,18.61,26.54,67.812,0.0,0.0,18.0,6.0,10.212
R.Dowdle,CAR,,17,2.941,2.294,17.471,1.0,10.37,-1.6,-3.059,0.0,0.0,5.0,9.0,12.841
R.Dwelley,DET,,3,1.667,0.667,2.333,0.0,0.91,0.03,0.333,0.0,0.0,3.0,2.0,0.9
R.Flournoy,DAL,,13,4.308,3.077,36.538,4.0,9.18,9.46,35.846,0.0,0.0,7.0,4.0,8.769
R.Gilliam,BUF,,3,1.0,0.667,8.0,0.0,0.61,0.63,7.333,0.0,0.0,1.0,2.0,1.6
R.Harvey,DEN,QB,1,3.0,3.0,20.0,0.0,0.51,-0.05,-2.0,0.0,0.0,11.0,13.0,8.0
R.Harvey,DEN,,16,3.438,2.75,21.0,5.0,9.34,0.68,1.875,0.0,0.0,11.0,13.0,12.538
R.McCloud,ATL,,4,3.5,1.5,16.0,0.0,2.68,1.89,19.75,0.0,0.0,1.0,0.0,3.1
R.McCloud,NYG,,1,1.0,1.0,5.0,0.0,0.2,0.12,5.0,0.0,0.0,,,1.5
R.Miller,TB,,4,1.0,0.5,8.5,1.0,0.73,1.61,17.5,0.0,0.0,1.0,0.0,2.85
R.Mostert,LV,,12,1.0,1.0,5.833,0.0,2.42,-0.5,-1.333,0.0,0.0,1.0,0.0,2.45
R.Odunze,CHI,,12,7.583,3.667,55.083,6.0,16.98,27.6,104.333,0.0,0.0,13.0,5.0,12.175
R.Pearsall,SF,,9,5.889,4.0,58.667,0.0,9.57,18.11,83.111,0.0,0.0,4.0,0.0,9.844
R.Rice,KC,,8,9.875,6.625,71.375,5.0,14.31,7.86,42.25,0.0,0.0,19.0,10.0,18.512
R.Sanders,CLE,,4,1.0,0.75,5.25,0.0,0.76,0.39,3.5,0.0,0.0,0.0,4.0,5.075
R.Shaheed,NO,,9,7.333,4.889,55.444,2.0,11.66,15.99,83.111,0.0,0.0,7.0,2.0,11.822
R.Shaheed,SEA,,9,2.889,1.667,20.889,0.0,5.69,8.33,33.889,0.0,0.0,2.0,0.0,4.467
R.Stevenson,NE,,14,2.714,2.286,24.643,2.0,7.87,3.55,11.357,0.0,0.0,6.0,13.0,12.914
R.Tonyan,KC,,1,1.0,1.0,1.0,0.0,0.18,0.02,1.0,0.0,0.0,,,1.1
R.White,TB,,17,2.647,2.353,12.824,0.0,8.26,-2.35,-6.0,0.0,0.0,10.0,9.0,8.412
R.Wilson,PIT,,9,2.333,1.333,18.444,2.0,4.01,8.75,30.778,0.0,0.0,1.0,0.0,4.511
S.Anderson,PIT,,1,1.0,1.0,4.0,0.0,0.19,0.0,0.0,0.0,0.0,,,1.4
S.Barkley,PHI,,16,3.188,2.312,17.062,2.0,10.94,0.74,1.938,0.0,0.0,8.0,17.0,14.519
S.Cannella,CLE,,2,2.5,1.0,5.5,0.0,0.95,1.53,27.5,0.0,0.0,,,1.55
S.Diggs,NE,,17,6.0,5.0,59.588,4.0,21.12,19.46,51.235,0.0,0.0,12.0,4.0,12.371
S.Jackson,LV,,3,1.667,1.333,18.667,1.0,1.01,2.53,27.0,0.0,0.0,,,5.3
S.LaPorta,DET,,9,5.444,4.444,54.333,3.0,8.91,7.54,30.778,0.0,0.0,6.0,1.0,11.878
S.Matlock,LAC,,3,1.333,1.333,4.0,1.0,0.74,0.0,0.0,0.0,0.0,1.0,1.0,3.733
S.Miller,PIT,,5,2.8,1.8,12.4,0.0,2.67,2.34,14.8,0.0,0.0,2.0,0.0,3.04
S.Moore,SF,,9,0.778,0.556,9.667,0.0,1.26,2.66,12.222,0.0,0.0,,,1.644
S.Perine,CIN,,14,1.5,1.214,6.214,0.0,3.44,-0.7,-2.286,0.0,0.0,1.0,4.0,5.85
S.Rattler,NO,QB,9,0.222,0.111,0.0,0.0,0.35,0.09,0.444,0.0,0.0,1.0,2.0,12.016
S.Shepard,TB,,13,4.154,3.0,28.538,1.0,9.91,10.45,34.846,0.0,0.0,8.0,2.0,6.462
S.Sims,ARI,,1,1.0,0.0,0.0,0.0,0.16,0.04,2.0,0.0,0.0,,,0.0
S.Smartt,NYJ,,3,3.0,2.333,17.333,0.0,1.89,1.31,14.0,0.0,0.0,,,4.067
S.Toure,NO,,1,3.0,1.0,3.0,0.0,0.53,0.64,30.0,0.0,0.0,1.0,0.0,1.3
S.Tucker,TB,,14,0.786,0.571,2.429,1.0,2.02,-0.23,-0.714,0.0,0.0,3.0,12.0,6.529
S.Williams,GB,,11,0.909,0.909,7.091,1.0,2.16,0.42,1.545,0.0,0.0,4.0,0.0,2.5
S.Zylstra,DET,,1,5.0,3.0,20.0,0.0,0.91,1.01,37.0,0.0,0.0,1.0,1.0,5.0
T.Allgeier,ATL,,17,0.941,0.824,5.647,0.0,3.07,-0.62,-1.529,0.0,0.0,1.0,10.0,7.235
T.Atwell,LA,,8,1.875,0.75,24.0,1.0,2.58,5.7,37.75,0.0,0.0,1.0,0.0,3.9
T.Badie,DEN,,14,2.214,1.357,10.071,0.0,5.26,-1.0,-3.143,0.0,0.0,4.0,1.0,2.529
T.Benson,ARI,,4,4.0,3.25,16.0,0.0,2.58,-0.49,-5.5,0.0,0.0,2.0,1.0,8.85
T.Bigsby,PHI,,10,0.4,0.3,3.2,0.0,0.86,-0.14,-0.6,0.0,0.0,1.0,6.0,5.26
T.Brooks,CIN,,6,0.333,0.167,1.5,0.0,0.33,-0.11,-0.833,0.0,0.0,,,1.067
T.Burks,WAS,QB,1,2.0,1.0,11.0,0.0,0.46,0.29,11.0,0.0,0.0,4.0,3.0,2.1
T.Burks,WAS,,7,2.857,1.286,17.0,1.0,4.59,7.6,40.714,0.0,0.0,4.0,3.0,3.843
T.Chandler,MIN,,2,2.0,1.5,5.5,0.0,0.85,-0.54,-10.0,0.0,0.0,2.0,1.0,4.4
T.Conklin,LAC,,6,1.667,1.167,16.833,0.0,1.84,1.02,7.5,0.0,0.0,,,2.883
T.Conner,MIA,,7,2.143,1.286,13.0,0.0,3.23,3.61,17.0,0.0,0.0,3.0,0.0,2.586
T.Etienne,CAR,,8,0.375,0.375,1.625,0.0,0.62,0.06,0.25,0.0,0.0,0.0,1.0,1.712
T.Etienne,JAX,,17,3.059,2.118,17.176,6.0,9.47,-1.56,-4.471,0.0,0.0,10.0,13.0,14.935
T.Felton,MIN,,3,1.0,1.0,8.333,0.0,0.64,0.3,3.667,0.0,0.0,,,1.833
T.Ferguson,LA,,11,2.273,1.0,21.0,3.0,4.3,8.8,42.364,0.0,0.0,3.0,1.0,4.736
T.Fisk,LAC,,4,1.0,0.5,4.75,0.0,0.74,0.5,5.5,0.0,0.0,,,0.975
T.Franklin,DEN,,17,6.294,3.824,41.706,6.0,18.17,30.15,77.706,0.0,0.0,21.0,7.0,10.182
T.Goodson,IND,,7,0.429,0.286,1.143,0.0,0.56,-0.07,-0.429,0.0,0.0,1.0,1.0,0.743
T.Harris,LAC,,16,2.688,1.875,20.25,1.0,7.9,9.03,24.875,0.0,0.0,5.0,0.0,4.338
T.Henderson,NE,,17,2.471,2.059,13.0,1.0,8.7,-0.02,-0.059,0.0,0.0,4.0,9.0,12.247
T.Higbee,LA,,9,4.0,2.778,31.222,3.0,6.2,2.23,13.111,0.0,0.0,8.0,1.0,7.9
T.Higgins,CIN,,15,6.6,3.933,56.4,11.0,16.2,28.78,87.6,0.0,0.0,16.0,5.0,13.973
T.Hill,MIA,,4,7.25,5.25,66.25,1.0,6.24,12.09,99.75,0.0,0.0,2.0,1.0,13.375
T.Hill,NO,QB,5,1.4,0.8,7.2,0.0,1.24,0.68,6.4,0.0,0.0,0.0,3.0,4.936
T.Hill,NO,,8,1.125,0.875,6.875,0.0,1.59,0.47,2.75,0.0,0.0,0.0,3.0,2.388
T.Hockenson,MIN,,15,4.4,3.4,29.2,3.0,13.98,8.83,21.933,0.0,0.0,11.0,2.0,7.52
T.Horton,SEA,,7,3.143,1.857,23.0,5.0,4.81,9.21,48.143,0.0,0.0,4.0,1.0,8.443
T.Hudson,CIN,,10,2.4,1.9,16.8,2.0,3.93,2.61,11.9,0.0,0.0,6.0,1.0,4.78
T.Hunter,JAX,,7,6.429,4.0,42.571,1.0,8.2,7.26,50.571,0.0,0.0,5.0,0.0,9.114
T.Jennings,NE,,5,0.2,0.2,1.8,0.0,0.21,0.04,0.4,0.0,0.0,0.0,2.0,3.04
T.Johnson,NYG,,15,4.933,3.0,35.2,5.0,14.62,14.29,41.067,0.0,0.0,14.0,3.0,8.52
T.Johnson,NYJ,,9,2.0,1.333,21.889,1.0,3.77,6.53,23.333,0.0,0.0,3.0,0.0,4.189
T.Johnson,TB,,15,2.933,1.867,21.467,5.0,8.07,11.9,34.4,0.0,0.0,7.0,0.0,6.16
T.Jones,JAX,,1,1.0,1.0,15.0,0.0,0.18,0.08,4.0,0.0,0.0,,,2.5
T.Kelce,KC,,17,6.412,4.471,50.059,5.0,19.75,17.1,43.235,0.0,0.0,13.0,5.0,11.247
T.Kennedy,DET,,1,4.0,4.0,36.0,0.0,0.73,0.87,32.0,0.0,0.0,,,7.6
T.Kraft,GB,,8,5.5,4.0,61.125,6.0,9.52,4.92,25.125,0.0,0.0,12.0,0.0,14.65
T.Lockett,LV,,10,3.5,2.2,22.1,1.0,7.06,8.32,26.6,0.0,0.0,3.0,2.0,5.01
T.Lockett,TEN,,7,3.0,1.429,10.0,0.0,3.96,4.08,22.857,0.0,0.0,,,2.429
T.Martin,WAS,,2,1.0,1.0,11.5,0.0,0.46,0.48,9.0,0.0,0.0,,,2.15
T.McBride,ARI,,17,10.0,7.412,72.882,11.0,27.42,25.3,66.235,0.0,0.0,34.0,6.0,18.582
T.McLaurin,WAS,,10,6.0,3.8,58.2,3.0,13.76,22.37,83.9,0.0,0.0,8.0,3.0,11.42
T.McMillan,CAR,,17,7.176,4.118,59.588,7.0,25.31,43.26,82.941,0.0,0.0,15.0,3.0,12.547
T.Patrick,JAX,,13,1.846,1.154,14.385,3.0,4.37,5.29,19.846,0.0,0.0,9.0,1.0,3.977
T.Penning,LAC,,1,1.0,0.0,0.0,0.0,0.18,0.11,5.0,0.0,0.0,1.0,1.0,0.0
T.Pollard,TEN,,17,2.412,1.941,12.118,0.0,7.74,0.31,0.706,0.0,0.0,1.0,4.0,11.282
T.Reiman,ARI,,3,1.667,1.0,6.0,0.0,0.81,0.58,8.667,0.0,0.0,,,1.6
T.Shavers,BUF,,10,2.3,1.5,24.5,1.0,4.71,8.53,29.8,0.0,0.0,,,4.55
T.Sherfield,ARI,,1,1.0,0.0,0.0,0.0,0.16,0.13,6.0,0.0,0.0,1.0,0.0,0.0
T.Sherfield,DEN,,3,1.333,1.0,7.0,0.0,0.68,0.89,13.0,0.0,0.0,1.0,0.0,1.7
T.Spears,TEN,,13,3.846,3.462,20.308,0.0,9.43,-2.93,-8.846,0.0,0.0,7.0,2.0,8.592
T.Thornton,KC,,11,3.364,1.727,39.818,3.0,6.7,23.15,90.455,0.0,0.0,4.0,2.0,7.345
T.Tracy,NYG,,15,3.2,2.4,19.2,2.0,9.49,0.44,1.267,0.0,0.0,5.0,2.0,10.853
T.Tremble,CAR,,15,2.467,1.8,16.6,2.0,7.68,5.0,10.867,0.0,0.0,5.0,0.0,4.26
T.Tucker,LV,,17,5.412,3.353,40.941,5.0,18.55,29.23,55.0,0.0,0.0,10.0,1.0,9.512
T.Wallace,BAL,,6,1.333,0.667,7.5,1.0,1.96,3.17,17.833,0.0,0.0,2.0,0.0,2.417
T.Warren,IND,QB,1,5.0,4.0,44.0,1.0,0.93,0.77,33.0,0.0,0.0,23.0,9.0,14.4
T.Warren,IND,,16,6.812,4.5,48.312,3.0,20.34,13.31,35.562,0.0,0.0,23.0,9.0,10.881
T.Washington,MIA,,2,2.5,1.5,18.5,0.0,1.08,3.76,62.0,0.0,0.0,1.0,0.0,3.35
T.Wease,MIA,,3,3.333,2.0,46.333,1.0,2.15,4.15,45.667,0.0,0.0,1.0,0.0,8.633
T.Williams,CLE,,4,2.0,1.75,13.75,0.0,1.53,-0.92,-8.25,0.0,0.0,2.0,0.0,4.05
T.Williams,LAC,,1,1.0,1.0,0.0,0.0,0.18,-0.02,-1.0,0.0,0.0,,,0.9
T.Wirfs,TB,,1,1.0,1.0,2.0,1.0,0.18,0.02,1.0,0.0,0.0,1.0,1.0,7.2
Ty.Johnson,BUF,,17,1.941,1.412,13.588,2.0,6.76,-1.12,-2.294,0.0,0.0,4.0,6.0,5.712
V.Jefferson,TEN,,14,3.714,2.071,25.0,1.0,9.81,15.88,44.5,0.0,0.0,3.0,1.0,5.0
W.Dissly,LAC,,8,2.0,1.375,12.125,0.0,2.94,1.63,9.0,0.0,0.0,1.0,0.0,2.588
W.Mallory,IND,,1,1.0,1.0,16.0,0.0,0.19,0.37,16.0,0.0,0.0,,,2.6
W.Marks,HOU,,16,2.25,1.5,13.0,3.0,6.46,1.68,4.812,0.0,0.0,8.0,11.0,9.069
W.Robinson,NYG,,16,8.812,5.75,63.375,4.0,27.87,27.53,74.188,0.0,0.0,14.0,6.0,13.619
W.Shipley,PHI,,11,1.091,0.818,5.091,0.0,2.58,-0.24,-0.909,0.0,0.0,1.0,0.0,1.773
X.Gipson,PHI,,2,1.0,1.0,3.0,0.0,0.43,-0.21,-4.5,0.0,0.0,1.0,0.0,1.3
X.Hutchinson,HOU,,16,3.562,2.188,26.75,3.0,10.23,12.71,36.5,0.0,0.0,7.0,3.0,6.125
X.Legette,CAR,,15,4.267,2.333,24.2,3.0,13.28,19.42,42.2,0.0,0.0,12.0,2.0,5.953
X.Restrepo,TEN,,2,3.5,1.5,20.5,0.0,1.32,1.96,38.5,0.0,0.0,1.0,0.0,3.55
X.Smith,LA,,10,2.4,1.8,30.3,0.0,4.13,7.65,40.5,0.0,0.0,3.0,0.0,4.83
X.Weaver,ARI,,6,2.167,1.167,11.167,0.0,2.1,4.31,32.0,0.0,0.0,3.0,0.0,2.283
X.Worthy,KC,,14,5.214,3.0,38.0,1.0,13.22,21.96,67.429,0.0,0.0,6.0,1.0,7.85
Z.Charbonnet,SEA,,16,1.5,1.25,9.0,0.0,5.25,1.09,2.5,0.0,0.0,3.0,20.0,11.212
Z.Ertz,WAS,,13,5.615,3.846,38.769,4.0,16.74,17.49,50.462,0.0,0.0,9.0,4.0,9.569
Z.Flowers,BAL,,17,7.0,5.059,71.235,5.0,29.1,35.66,70.824,0.0,0.0,12.0,2.0,14.665
Z.Jones,ARI,,6,3.0,2.0,30.5,0.0,2.9,5.42,40.167,0.0,0.0,2.0,1.0,5.05
Z.Knight,ARI,,10,3.1,2.2,16.0,1.0,5.0,0.83,3.7,0.0,0.0,6.0,9.0,9.49
Z.Mitchell-Paden,BAL,,2,1.0,0.5,1.5,0.0,0.49,0.12,2.0,0.0,0.0,1.0,1.0,0.65
Z.Mitchell-Paden,NO,,1,1.0,1.0,14.0,0.0,0.18,0.19,9.0,0.0,0.0,,,2.4
Z.Scott,MIN,,9,1.778,1.556,10.889,1.0,3.39,0.46,1.889,0.0,0.0,3.0,1.0,4.578
Z.White,LV,,5,1.2,0.8,4.8,0.0,1.21,-0.09,-0.6,0.0,0.0,,,1.92
